word,trans,example
paragraph,"n.段落；短评；段落符号
v.将…分段
","1. the opening paragraphs of the novel
小说开篇的几个段落
"
influence,"n.影响；势力；感化；有影响的人或事
v.影响；改变
","1. As a scientist, his influence was immense.
身为一名科学家，他的影响力极大。
"
intellectual,"adj.智力的；聪明的；理智的
n.知识分子；凭理智做事者
","1. Mark’s very intellectual.
马克很聪明。
"
political,"adj.政治的；党派的
","1. All other political parties there have been completely banned.
那里的其他所有政党都已经完全被取缔了。
2. The government is facing another political crisis.
该政府正面临着另一场政治危机。
"
science,"n.科学；技术；学科；理科
","1. Many leading scientists do not consider that science can give absolutely reliable knowledge.
许多杰出科学家都不认为科学能够提供绝对可靠的知识。
2. the founder of modern science, Isaac Newton
现代科学创始人艾萨克·牛顿
3. developments in science and technology
科学技术的发展
"
economic,"adj.经济的，经济上的；经济学的
","1. Economic growth is slow.
经济增长缓慢。
2. the government’s economic policy
政府的经济政策
3. Economic reform is needed.
经济改革势在必行。
4. In the current economic climate (= conditions ), we must keep costs down.
在当前的经济形势下，我们一定要控制好成本。
"
century,"n.世纪，百年；（板球）一百分
","1. the story of life on a small farm at the turn of the century
讲述世纪初一个小农场生活的故事
"
increase,"n.增加，增长；提高
v.增加，增大；繁殖
","1. Recent tax increases have affected the poor more than the rich.
新近的增税对穷人的影响比对富人的大。
2. the dramatic increase in the population aged over 65
65岁以上人口的急剧增加
3. There has been a marked increase in the use of firearms.
使用枪支的人数显著增加了。
4. Cases of tuberculosis are on the increase.
结核病病例越来越多。
"
stress,"n.压力；强调；紧张；重要性；重读
v.强调；使紧张；加压力于；用重音读
","1. Your headaches are due to stress.
你的头痛是压力造成的。
2. Janet’s been under a lot of stress since her mother’s illness.
珍妮特自从母亲生病以来承受了很大的压力。
3. all the stresses of public life
公众生活的所有压力
4. A lot of illnesses are stress-related.
许多疾病与压力有关。
"
power,"n.力量，能力；电力，功率；政权，势力；[数] 幂
v.激励；供以动力；使…有力量
adj.借影响有权势人物以操纵权力的
","1. They seized power in a military coup.
他们在一场军事政变中夺取了政权。
"
national,"adj.国家的；国民的；民族的；国立的
n.国民
","1. Religion matters very much at a national level.
宗教事务在全国都非常重要。
2. Between 1929 and 1933 America’s national income fell by more than half.
1929至1933年间，美国的国民收入下降过半。
3. There are strong indications that the Prime Minister will call national elections in May.
有明显迹象预示首相将于5月召集全国大选。
"
consider,"v.考虑；认为；考虑到；细想
","1. We will have to consider your offer carefully .
我们得仔细考虑你的提议。
"
process,"v.处理；加工
n.过程，进行；方法，步骤；作用；程序；推移
adj.经过特殊加工（或处理）的
","1. Goats’ cheese may be processed in many ways.
山羊奶干酪可以有多种加工方法。
2. Two million workers are employed processing goods for electronic firms.
200 万名工人受雇为电子公司加工产品。
"
create,"v.创造，创作；造成
","1. Some people believe the universe was created by a big explosion.
有些人认为宇宙是通过一次大爆炸创造出来的。
2. Her behaviour is creating a lot of problems.
她的行为引起了很多问题。
3. The new factory is expected to create more than 400 new jobs.
这家新工厂预计能创造400多个新的就业机会。
"
drug,"n.药；毒品；麻醉药；滞销货
v.使服麻醉药；使服毒品；掺麻醉药于
","1. A lot of young people start taking drugs at school.
许多年轻人上学时开始吸毒。
2. She always looks as though she’s on drugs (= taking drugs ) .
她总是看上去一副吸过毒的样子。
3. Jimi Hendrix died of a drug overdose.
吉米·亨德里克斯死于吸毒过量。
"
care,"n.关怀；照料；谨慎；忧虑
v.照顾；关心；喜爱；顾虑
","1. high standards of medical care
高水平的医疗护理
2. They shared the care of the children.
他们共同照顾孩子。
3. Care facilities for the elderly are inadequate.
老年人的护理设施很缺乏。
"
group,"n.组；团体
adj.群的；团体的
v.聚合
","1. A group of us are going to London.
我们有一群人要去伦敦。
"
discovery,"n.发现，发觉；被发现的事物
","1. I felt I'd made an incredible discovery.
我感到自己有了一个惊人的发现。
"
include,"v.包含，包括
","1. Does the price include postage?
这个价格包含邮费吗？
2. His job includes looking after under-21 teams.
他的职责包括照管21岁以下球队。
3. The curriculum includes courses in computing.
课程内容包括计算机技术。
"
price,"n.价格；价值；代价
v.给……定价；问……的价格
","1. They may pay a high price for their few years of glory.
为了短短几年的辉煌，他们也许要付出高昂的代价。
"
sector,"n.部门；扇形，扇区；象限仪；函数尺
vt.把…分成扇形
","1. ...the nation's manufacturing sector.
…该国的制造部门。
"
service,"n.服务，服侍；服役；仪式
adj.服务性的；耐用的；服现役的
v.维修，检修；保养
","1. the health service
医疗保健服务
2. the postal service
邮政服务
3. the police service
警察部门
4. the prison service
监狱系统
5. Workers in the emergency services (= the police, hospital, and the fire service ) are forbidden from striking.
紧急服务机构的工作人员是禁止罢工的。
6. There has been a decline in public services in recent years.
近年来公共服务减少了。
7. {""GLOSS"":[""the police, hospitals, fire service, and organizations that provide basic things such as water, gas, or electricity""],""COLLOINEXA"":[""the essential services""]}
基础服务部门
"
search,"v.搜寻；调查；探求
n.搜寻；探究，查究
","1. It was too dark to search further.
天太暗，无法继续寻找。
2. The area was thoroughly searched .
这一地区已被彻底搜查过。
3. I’ve searched high and low (= everywhere ) for my glasses.
我到处找我的眼镜。
"
experience,"n.经验；经历；体验
v.经验；经历；体验
","1. The advice in the booklet reflects the practical experience we have gained (= experience gained by actually doing something, rather than knowledge from books etc ).
小册子中的建议反映了我们所获得的实践经验。
2. I had some experience in fashion design.
我有一些时装设计方面的经验。
3. She was turned down on the grounds of lack of experience.
她因缺乏经验而被拒绝。
4. I have first-hand experience (= experience gained by doing something myself ) of running a school.
我有办学的亲身经验。
"
require,"v.需要；要求；命令
","1. Campbell’s broken leg will probably require surgery.
坎贝尔的一条腿骨折，可能需要手术。
2. What’s required is a complete reorganization of the system.
需要做的是彻底整顿整个系统。
3. Most house plants require regular watering.
大多数室内盆栽植物需要定期浇水。
"
individual,"adj.个人的；个别的；独特的
n.个人，个体
","1. Each individual leaf on the tree is different.
树上每片叶子都不相同。
2. the needs of the individual customer
每位顾客的需求
"
scientific,"adj.科学的，系统的
","1. We believe in investing in scientific research.
我们相信科学研究的投资价值。
2. the limits of scientific knowledge
科学知识的极限
3. decisions based on scientific evidence
根据科学证据作出的决定
4. the international scientific community (= scientists )
国际科学界
"
attention,"n.注意力；关心；立正！（口令）
","1. My attention wasn’t really on the game.
我的注意力其实不在比赛上。
2. She tried to pay attention to what he was saying.
她尽量注意听他说话。
3. If you paid more attention in class, you might actually learn something!
要是你上课更认真些，也许能实实在在地学到些东西！
4. Scott sat down at his desk and turned his attention to the file he had in front of him.
斯科特在自己的办公桌前坐下，将注意力转向面前的文件。
5. As a society we need to give more attention to the needs of older people.
生活在同一社会里，我们得更加关注长者的需求。
6. Now he’s gone, I can give you my undivided attention .
现在他已经走了，我可以把全部注意力都放在你身上。
7. This game is fun and is sure to keep the attention of any young student.
这个游戏很有趣，一定能使年幼学生保持注意力。
8. They listened to the speech with close attention .
他们很认真地听演讲。
9. Attention to detail is essential in this job.
关注细节是这份工作所必需的。
10. During the lecture Sarah’s attention began to wander .
上课时，萨拉开始走神了。
"
influential,"adj.有影响的；有势力的
n.有影响力的人物
","1. He had influential friends.
他有一些有影响力的朋友。
2. a highly influential art magazine
一本极有影响力的艺术杂志
"
court,"n.法院；球场；朝廷；奉承
v.招致（失败、危险等）；向…献殷勤；设法获得
","1. It could not be proved in a court of law.
这无法在法庭上证实。
2. The court case lasted six weeks.
这场诉讼持续了六个星期。
3. Four people will appear in court today, charged with fraud.
今天将有四个人因被指控犯有欺诈罪出庭受审。
4. The court ruled that no compensation was due.
法庭判决不予赔偿。
5. She threatened to take the magazine to court (= take legal action against them ) if they didn’t publish an immediate apology.
她威胁说如果这家杂志不立刻刊登道歉声明，她就要把他们告上法庭。
"
law,"n.法律；规律；法治；法学；诉讼；司法界
vi.起诉；控告
vt.控告；对…起诉
","1. Elected officials ought to obey the law.
民选官员理应遵守法律。
"
federal,"adj.联邦的；同盟的；联邦政府的； 联邦制的
adv.联邦政府地
n.(Federal)人名；(英)费德勒尔
","1. Switzerland is a federal republic.
瑞士是一个联邦共和国。
"
past,"n.过去；往事
adj.过去的；结束的
prep.越过；晚于
adv.过；经过
","1. You mustn’t think about it. It’s all in the past now.
你千万不要再想那件事，现在一切都过去了。
"
deal,"v.处理；给予；分配；发牌
n.交易；（美）政策；待遇；份量
","1. Whose turn is it to deal?
轮到谁发牌了？
"
rise,"v.上升；增强；起立；高耸
n.上升；高地；增加；出现
","1. The police seem unable to cope with the rising tide of (= large increase in ) car crime.
面对日益增多的汽车罪案，警方似乎无能为力。
"
limit,"n.限制；限度；界线
v.限制；限定
","1. a 55 mph speed limit
55英里的时速限制
"
peer,"n.贵族；同等的人；同龄人
v.凝视，盯着看；窥视
","1. American children did less well in math than their peers in Japan.
美国儿童的数学成绩不如日本的同龄儿童。
2. Staff members are trained by their peers.
员工由同事培训。
"
scientist,"n.科学家
","1. Scientists say they've already collected more data than had been expected.
科学家们说他们已经搜集到比预期更多的数据。
"
financial,"adj.金融的；财政的，财务的
","1. financial transactions
财务往来
2. financial assistance
财务援助
3. a financial advisor
财务顾问
4. Organic farmers should be encouraged with financial incentives.
应对实行有机栽培的农民给予经济上的鼓励。
5. It was a wonderful film, but not exactly a financial success (= something that makes a profit ) .
这是一部出色的影片，但在票房上不是很成功。
"
report,"n.报告；报道；成绩单
v.报告；报导；使报到
","1. According to recent news reports , two of the victims are Americans.
根据近期的新闻报道，受害者中有两名是美国人。
"
issue,"n.问题；流出；期号；发行物
v.发行，发布；发给；放出，排出
","1. Abortion is a highly controversial issue.
堕胎是个很有争议的话题。
2. We should raise the issue of discrimination with the council.
我们应提请市政会讨论歧视的问题。
3. The key issue is whether workers should be classified as ‘employees’.
关键问题是工人是否应该界定为“雇员”。
"
risk,"n.风险；危险；冒险
v.冒…的危险
","1. It was a risk, sending a letter to my house.
将信寄到我家是冒险。
"
method,"n.方法；条理；类函数
adj.使用体验派表演方法的
","1. traditional teaching methods
传统的教学法
2. I think we should try again using a different method.
我想我们应该用不同的方法再试一次。
3. effective methods for the storage and retrieval of information
信息存储和检索的有效方法
"
publish,"v.出版；发表；公布
","1. The first edition was published in 1765.
第一版于1765年出版。
2. They are publishing the dictionary on CD-ROM.
那部词典他们将以光盘版的形式推出。
"
practice,"n.实践；练习；惯例
v.练习；实习；实行
","1. It takes hours of practice to learn to play the guitar.
学习弹吉他需要长时间的练习。
2. With a little more practice you should be able to pass your test.
稍微再练一练，你应该能通过考试了。
3. We have choir practice on Tuesday evening.
星期二晚上我们要练习合唱。
"
future,"n.未来；前途；期货；将来时
adj.将来的，未来的
","1. The islands should have the right to decide their own future.
这些岛屿应当有权决定自己的未来。
2. a leader who will shape the organization’s future
将决定该组织未来的一位领导者
"
function,"n.功能；[数] 函数；职责；盛大的集会
v.运行；活动；行使职责
","1. The nervous system regulates our bodily functions (= eating, breathing, going to the toilet etc ) .
神经系统控制着我们身体的功能。
2. Bauhaus architects thought that function was more important than form.
包豪斯学派的建筑师认为功能重于形式。
3. The authorities say the prison is now functioning normally.
当局称该监狱现在在正常运转。
"
evidence,"n.证据，证明；迹象；明显
v.证明
","1. Murrow’s evidence was enough to convict Hayes of murder.
默罗的证词足以证明海斯犯了谋杀罪。
"
pressure,"n.压力；压迫，[物] 压强
v.迫使；密封；使……增压
","1. They are putting pressure on people to vote yes.
他们正在向民众施加压力，要求他们投赞成票。
2. You must never give in to pressure .
你绝不能屈从压力。
"
turn,"v.转动，使旋转；转弯；翻过来；兑换
n.转弯；变化；(损害或有益于别人的)行为，举动，举止
","1. Ricky turned and walked away.
里基转身走了。
2. She turned her head in surprise.
她惊讶地转过头来。
3. Brigitte glared at him, turned on her heel (= turned away suddenly because of anger ) , and stomped out of the room.
布丽吉特瞪了他一眼，猛地一转身，噔噔噔地走出了房间。
"
argue,"v.争论，辩论；提出理由
n.(Argue)人名；(英、法)阿格
","1. We could hear the neighbours arguing.
我们听到邻居在争吵。
"
support,"v.支持，支撑，支援；扶持，帮助；赡养，供养
n.支持，维持；支援，供养；支持者，支撑物
","1. The bill was supported by a large majority in the Senate.
这项法案得到参议院绝大多数人的支持。
2. We strongly support the peace process.
我们大力拥护和平进程。
"
offer,"v.提供；出价；试图
n.提议；出价；意图；录取通知书
","1. A number of groups offer their services free of charge.
一些团体免费提供服务。
"
understand,"v.理解；懂；获悉；推断；省略
","1. She doesn’t understand English.
她不懂英语。
2. I’m sorry, I don’t understand. Can yon explain that again?
对不起，我不明白。你能再解释一遍吗？
3. The woman had a strong accent, and I couldn’t understand what she was saying.
那女人口音很重，我听不懂她在说些什么。
"
history,"n.历史，历史学；历史记录；来历
","1. Throughout history the achievements of women have been largely ignored.
从古至今，妇女的成就都被大大地忽视了。
2. No man in recent history has done more to rebuild the Democratic Party.
他对重建民主党的贡献在近代史上无人能及。
3. the early history of Scotland
苏格兰的早期历史
4. Other meteor storms have occurred in recorded history .
在有记载的历史上发生过其他的流星暴。
5. a museum devoted to local history
专门介绍当地历史的博物馆
6. one of the darkest episodes in American history
美国历史上最黑暗的事件之一
7. an interesting period in Egyptian history
埃及历史上一段有趣的时期
8. a decision that changed the course of history
改变历史进程的决定
9. a college steeped in history
一所历史悠久的学院
10. History shows that the usual response to violent protest is repression.
历史表明，一般对待暴力抗议的回应就是镇压。
"
bring,"v.带来；促使；引起；使某人处于某种情况或境地
n.(Bring)人名；(英、瑞典)布林
","1. The discovery of gold brought thousands of people to the Transvaal.
黄金的发现把成千上万的人引到了德兰士瓦。
"
knowledge,"n.知识，学问；知道，认识；学科
","1. He did not have much knowledge of American history.
他对美国历史所知不多。
"
medical,"adj.医学的；药的；内科的
n.医生；体格检查
","1. medical research
医学研究
2. medical staff
医务人员
3. a medical student
医科学生
4. a patient’s medical history
患者的病史
"
rate,"n.比率，率；速度；价格；等级
v.认为；估价；责骂
","1. Immediately his heart rate (= the number of beats per minute ) increased.
他的心率立即加快了。
"
continue,"v.继续，延续；仍旧，连续
","1. He will be continuing his education in the US.
他将在美国继续求学。
2. I felt too sick to continue.
我感觉很难受，无法继续下去了。
"
monkey,"n.猴子；顽童
v.胡闹；捣蛋
","1. Stop that, you little monkey!
别这样，你这个小淘气鬼！
"
student,"n.学生；学者
","1. Warren's eldest son is an art student.
沃伦的长子是一名学艺术的学生。
"
smell,"v.嗅，闻；有…气味
n.气味，嗅觉；臭味
","1. I can smell burning.
我闻到烧焦的气味。
2. Can you smell something?
你闻到什么气味了吗？
"
single,"adj.单一的；单身的；单程的
n.一个；单打；单程票
v.选出
","1. A single tree gave shade from the sun.
唯有一棵树遮阴。
2. They won the game by a single point.
他们仅以一分的优势赢得比赛。
3. the highest price ever paid for a single work of art
为单件艺术品所支付的最高价格
4. a single-sex school
单一性别的学校
"
average,"n.平均；平均数；海损
adj.平均的；普通的；通常的
v.算出…的平均数；将…平均分配；使…平衡
","1. The December figures brought the annual average for 2001 up to 10.6 per cent.
12月的数据将2001年的年平均水平提升到10.6%。
"
loss,"n.减少；亏损；失败；遗失
","1. The company is closing down two of its factories, leading to 430 job losses .
公司要关闭其中的两家工厂，这将造成430人失业。
2. Weight loss should be gradual.
减肥应该循序渐进。
3. a type of hearing loss that affects language development
一种会影响语言能力发展的听力丧失
"
legal,"adj.法律的；合法的；法定的；依照法律的
n.(Legal)人名；(法)勒加尔
","1. What the company has done is perfectly legal.
公司所做的这一切完全合法。
2. plans to make the carrying of identity cards a legal requirement
使携带身份证成为法定要求的计划
3. He had twice the legal limit of alcohol in his bloodstream.
他血液中的酒精含量是法定限度的两倍。
4. a pressure group that is campaigning to make cannabis legal
争取大麻合法化的压力团体
"
effect,"n.影响；效果；作用
v.产生；达到目的
","1. the long-term effects of the drug
这种毒品的长期影响
2. I could feel the effects of the thin mountain air.
我能感觉到山上稀薄空气产生的影响。
3. This ingredient also has the effect of making your skin look younger.
这种成分还有使皮肤看上去更年轻的效果。
4. A system failure has a knock-on effect throughout the whole hotel.
系统故障会给整个酒店带来连锁反应。
5. the cumulative effect of human activities on the global environment
人类活动对全球环境日积月累的影响
6. A much lower dose of the painkiller can still produce the desired effect.
大量减少该止痛药的服用剂量依然能产生预期的效果。
7. In mental illness, there is a complex relationship between cause and effect.
精神疾病有复杂的因果关系。
"
feeling,"n.感觉，触觉；感情，情绪；同情
adj.有感觉的；有同情心的；富于感情的
v.感觉；认为（feel的现在分词）；触摸
","1. Knowing we’d won was a wonderful feeling.
得知我们赢了，感觉真好。
"
gamble,"v.赌博；孤注一掷；投机；打赌
n.赌博；冒险；打赌
","1. Their religion forbids them to drink or gamble.
他们的宗教禁止饮酒和赌博。
"
writing,"n.书写；作品；著作；[法] 笔迹
v.书写（write的ing形式）
","1. What does the writing on the back say?
背面的文字说什么？
2. a T-shirt with Japanese writing on it
一件印有日语的T恤衫
"
share,"v.分享，分担；分配
n.份额；股份
","1. As a kid he’d never share his toys.
他小时候从不肯与人分享他的玩具。
"
earn,"v.赚，赚得；获得，挣得；使得到；博得
n.(Earn)人名；(泰)炎
","1. He earns nearly £20,000 a year.
他每年挣近20,000英镑。
2. You don’t earn much money being a nurse.
当护士挣钱并不多。
3. He did all sorts of jobs to earn a living.
他为谋生什么活都干。
4. I was the only person in the house who was earning.
我是家里唯一上班挣钱的人。
5. She was earning good money at the bank.
她在银行工作，收入不错。
6. Chris will pay – he’s earning a fortune.
克里斯会付款的，他在挣大钱。
"
message,"n.消息；差使；启示；预言；广告词
v.报信，报告；[通信] 报文
","1. He left a message saying he would probably be a little late.
他留言说可能会晚一点来。
"
standard,"n.标准；水准；旗；度量衡标准
adj.标准的；合规格的；公认为优秀的
","1. Students have to reach a certain standard or they won’t pass.
学生必须达到某一标准，否则无法通过。
2. The airline has rigorous safety standards.
这家航空公司有严格的安全标准。
"
quit,"v.离开；放弃；停止；使…解除
n.离开；[计] 退出
adj.摆脱了…的；已经了结的
","1. He quit his job after an argument with a colleague.
他和一个同事争吵后就辞职了。
2. I quit school at 16.
我十六岁辍学。
3. She has decided to quit show business.
她已决定退出娱乐圈。
4. People are now calling on the chairman to quit.
人们现在正要求主席辞职。
"
railroad,"v.由铁道运输；铺设铁路；以捏造不实之罪使入狱
n.铁路；铁路公司
","1. The supplies were sent on the railroad.
补给经由铁路运送。
2. a railroad station
火车站
"
certain,"adj.某一；必然的；确信；无疑的；有把握的
pron.某些；某几个
n.(Certain)人名；(葡)塞尔塔因；(法)塞尔坦
","1. I felt certain that I’d passed the test.
我感觉自己肯定通过这次测验了。
"
decision,"n.决定，决心；决议
","1. Do you ever wonder if you made the right decision?
你怀疑过自己所作的决定是否正确吗？
2. The judges’ decision is final (= it will not be changed ) .
法官的裁决是最终判决。
"
performance,"n.性能；绩效；表演；执行；表现
","1. This evening’s performance will begin at 8.00 pm.
今晚的演出8点开始。
"
concept,"n.观念，概念
","1. a new concept in business travel
商务旅行的新理念
2. our basic concepts of decent human behaviour
我们对得体的人类行为的基本观念
3. It’s very simple, once you grasp the concept .
你一旦掌握了这个概念之后就很简单了。
"
class,"n.阶级；班级；种类；班；等级
v.分类；把…分等级；把…归入某等级，把…看作（或分类、归类）；把…编入某一班级
adj.极好的；很好的，优秀的，出色的
","1. He had to spend about six months in a class with younger students.
他不得不在一个比他小的学生的班上呆了大约六个月。
"
difference,"n.差异；不同；争执
","1. (= there’s a very big difference ) between us.
我们之间有着天壤之别。
"
genetic,"adj.遗传的；基因的；起源的
","1. genetic defects
遗传性缺陷
2. each person’s genetic make-up
每个人的遗传特征
3. genetic research
基因研究
"
journal,"n.日报，杂志；日记；分类账
","1. the British Medical Journal
《英国医学杂志》
"
slave,"n.奴隶；从动装置
v.苦干；拼命工作
","1. a slave to fashion
时尚的奴隶
"
brain,"n.头脑，智力；脑袋
v.猛击…的头部
","1. Messages from the brain are carried by the central nervous system.
大脑发出的信息是通过中枢神经系统传递的。
2. the chemistry of the brain
大脑的化学性质
3. the human brain
人脑
4. She died of a brain tumour .
她死于脑瘤。
"
response,"n.响应；反应；回答
","1. His immediate response was one of disbelief.
他的第一反应是不相信。
2. Emmett’s new exhibition has met with a favourable response from critics.
埃米特的新展览得到评论家的好评。
"
potential,"n.潜能；可能性；[电] 电势
adj.潜在的；可能的；势的
","1. The boy has great potential.
这个男孩有很大的潜力。
"
site,"n.地点；位置；场所
v.设置；为…选址
","1. an archaeological site
考古现场
"
produce,"v.生产；引起；创作；生育，繁殖
n.农产品，产品
","1. New drugs are producing remarkable results .
新药正在产生显著的效果。
2. a rise in sea level produced by climatic change
由气候变化引起的海平面升高
3. As a policy, it did not produce the desired effect .
作为一项政策，它并未产生预期的效果。
"
spread,"v.传播；伸展
n.传播；伸展
adj.伸展的
","1. News of the explosion spread swiftly.
发生爆炸的消息迅速传播开来。
2. The news spread like wildfire
消息如野火般迅速传开。
3. Word spread quickly that she was leaving.
她要离开的消息迅速传开。
"
attitude,"n.态度；看法；意见；姿势
","1. As soon as they found out I was a doctor, their whole attitude changed.
他们一听说我是医生，态度就完全改变了。
"
living,"adj.活的；现存的；活跃的；逼真的
n.生活；生存；生计
v.生活；居住（live的ing形式）；度过
","1. He’s one of the greatest living composers.
他是仍然健在的最伟大的作曲家之一。
2. The sun affects all living things (= people, animals, and plants ).
太阳与一切生物息息相关。
3. a living language 
活语言，仍在使用的语言
"
union,"n.联盟，协会；工会；联合
","1. Are you planning to join the union?
你打算加入工会吗？
2. {""COLLOINEXA"":[""union members""]}
工会会员
"
born,"v.出世（bear的过去分词）
adj.天生的
n.(Born)人名；(柬)邦；(英、西、俄、捷、德、瑞典、匈)博恩
","1. Forty lambs were born this spring.
今年春天有40头小羊羔出生。
2. I was born and raised (=  was born and grew up  ) in Alabama.
我是土生土长的亚拉巴马人。
3. a newly-born baby
新生儿，初生婴儿
4. the queen’s firstborn son
女王的长子
"
define,"v.定义；使明确；规定
n.(Define)人名；(英)德法恩；(葡)德菲内
","1. the ability to define clients’ needs
确定客户需求的能力
2. The duties of the post are difficult to define.
这一职位的职责很难界定。
"
critic,"n.批评家，评论家；爱挑剔的人
","1. Mather was a film critic for many years.
马瑟做过多年的电影评论家。
"
institution,"n.制度；建立；（社会或宗教等）公共机构；习俗
","1. powerful institutions such as world banks
诸如世界银行之类的强大机构
2. the Institution of Electrical Engineers
电机工程师学会
"
experiment,"v.尝试；进行实验
n.实验，试验；尝试
","1. The teacher provided some different materials and left the children to experiment.
老师提供了几种不同的材料让孩子们试验。
"
adult,"adj.成年的；成熟的
n.成年人
","1. an adult lion
一头成年的狮子
2. the adult population
成年人口
3. He lived most of his adult life in Scotland.
他成年后大部分时间住在苏格兰。
"
review,"n.回顾；复习；评论；检讨；检阅
v.回顾；检查；复审
","1. The policy comes up for review (= will be reviewed ) in April.
这项政策将在4月份予以审议。
2. All fees are subject to review(= may be reviewed ).
所有费用有待审查。
3. Mr Crowther asked for judicial review of the decision(= an examination of the decision by a judge ).
克劳瑟先生要求对判决进行司法审查。
"
generation,"n.一代；产生；一代人；生殖
","1. Like most of my generation, I had never known a war.
和我们这一代的大多数人一样，我并没有经历过战争。
2. In my generation the divorce rate is very high.
我们这一代人离婚率很高。
3. the need to preserve the planet for future generations
为子孙后代保护地球的必要性
4. The story has been handed down from generation to generation.
这个故事是一代一代传下来的。
"
quality,"n.质量，[统计] 品质；特性；才能
adj.优质的；高品质的；<英俚>棒极了
","1. Much of the land was of poor quality.
很多地的土质很差。
2. Use only high quality ingredients.
只使用上等的材料。
"
criticism,"n.批评；考证；苛求
","1. Despite strong criticism , the new system is still in place.
尽管遭到了猛烈的批评，新制度依然原封不动。
2. There has been widespread criticism of the decision.
这一决定受到了普遍的批评。
3. We try to give students constructive criticism .
我们设法对学生提出有建设性的批评。
4. Another criticism levelled at him was that his teaching methods were old-fashioned.
还有一个针对他的批评是，他的教学方法已经过时。
5. The government’s economic strategy has attracted a lot of criticism .
政府的经济政策招致了大量的批评。
6. You must learn to accept criticism .
你必须学会接受批评。
7. Many employees find it hard to take even mild criticism .
有许多员工甚至连轻微的批评也很难接受。
8. His actions provoked severe criticism from civil rights groups.
他的行为招致了民权组织的严厉批评。
9. the storm of criticism that followed his announcement
他的声明引来的批评浪潮
"
remain,"v.保持；依然；留下；剩余；逗留；残存
n.遗迹；剩余物，残骸
","1. Please remain seated until all the lights are on.
请留在座位上，直到灯全都亮起。
2. We remained friends.
我们依然是朋友。
3. The boy remained silent .
男孩依然默不作声。
4. They were cleaning up the remains of their picnic.
他们正在打扫野餐的残余物。
"
product,"n.产品；结果；[数] 乘积；作品
","1. The London factory assembles the finished product .
伦敦工厂组装成品。
2. He works in marketing and product development.
他从事营销和产品开发。
"
nation,"n.国家；民族；国民
","1. the President’s radio broadcast to the nation
总统对全国的广播讲话
2. an independent nation
独立的国家
3. the world’s leading industrial nations
世界上的主要工业国
"
infer,"v.推断；推论
","1. I inferred from what she said that you have not been well.
我从她的话里推断出你身体一直不大好。
"
community,"n.社区；[生态] 群落；共同体；团体
","1. The new arts centre will serve the whole community.
这座新的艺术中心将为整个社区服务。
"
happy,"adj.幸福的；高兴的；巧妙的
n.(Happy)人名；(英、瑞典、喀)哈皮
","1. It’s a lovely house and we’ve been very happy here.
房子很漂亮，我们住在这里非常开心。
2. I’ve never felt happier in my life.
我一生从未感到如此快乐。
3. He was a happy child who rarely cried.
他是一个快乐的孩子，很少哭鼻子。
4. the happy faces of the children
孩子们快乐的表情
5. I loved her and thought I could make her happy.
我爱她，我想我能让她幸福快乐。
"
cover,"v.包括；采访，报导；涉及
n.封面，封皮；盖子；掩蔽物;幌子，借口
","1. a course covering business law
一门包括商业法的课程
2. Are there any areas you feel are not covered adequately in the book?
书中是否有哪些方面你觉得论述得还不够详细？
3. ‘Exercise’ is a word which covers a vast range of activities.
“锻炼”一词包含非常广泛的活动。
4. We need more time to cover so much ground (= include so many things ) .
我们需要更多时间来处理这么多事情。
5. pollutants that are not covered by the Kyoto agreement
《京都议定书》里没有包括的污染物
"
publication,"n.出版；出版物；发表
","1. The guide is being translated into several languages for publication near Christmas.
这本指南正被翻译成好几种语言，准备在圣诞节前后出版。
"
segment,"v.分割
n.段；部分
","1. ...the poorer segments of society.
…社会中的较贫困阶层。
"
seek,"v.寻求；寻找；探索；搜索
","1. Do you think the President will seek re-election ?
你认为总统会谋求连任吗？
"
condition,"n.条件；情况；环境；身份
v.决定；使适应；使健康；以…为条件
","1. Conditions in the prison were atrocious.
这座监狱的条件糟透了。
2. In May, staff went on strike, demanding better pay and conditions .
五月份员工举行了罢工，要求提高工资和改善工作条件。
"
internet,"n.因特网
",
success,"n.成功，成就；胜利；大获成功的人或事物
","1. The experiment was a big success.
实验非常成功。
"
fund,"n.基金；资金；存款
v.投资；资助
","1. The fund was set up to try to save the cathedral.
设立基金以挽救大教堂。
"
structure,"n.结构；构造；建筑物
v.组织；构成；建造
","1. challenges to the existing power structure
对现有权力结构的挑战
2. A new management structure has been introduced.
已推行一种新的管理结构。
3. molecular structures
分子结构
"
sense,"n.感觉，功能；观念；道理；理智
v.感觉到；检测
","1. Cats have a very acute sense of hearing (= very good, so that they can hear even the smallest sound ) .
猫的听觉非常敏锐。
"
newspaper,"n.报纸
","1. She had read about it in the newspapers.
关于这件事她已经在报纸上看到了。
2. a series of newspaper articles about life in Cuba
刊登在报纸上的一系列关于古巴生活的文章
"
customer,"n.顾客；家伙
","1. We aim to offer good value and service to all our customers.
我们力求为所有的客户提供物有所值的商品和服务。
2. We’ve had several letters from satisfied customers.
我们收到了几封顾客表示满意的来信。
3. He’s one of our regular customers .
他是我们的一个老主顾。
"
learned,"adj.博学的；有学问的；学术上的
n.(Learned)人名；(英)勒尼德
","1. a learned professor
一位博学的教授
"
board,"n.董事会；木板；甲板；膳食
v.上（飞机、车、船等）；用板盖上；给提供膳宿
","1. Martha was chopping vegetables on a wooden board.
玛莎正在用一块木砧板切蔬菜。
2. a chess board
棋盘
"
president,"n.总统；董事长；校长；主席
","1. President Bush
布什总统
"
remove,"v.移动，迁移；开除；调动
n.移动；距离；搬家
","1. Remove the old wallpaper and fill any holes in the walls.
撕下旧墙纸，把墙上的洞都填平。
"
series,"n.系列，连续；[电] 串联；级数；丛书
","1. the series of events that led to the outbreak of war
导致战争爆发的一系列事件
2. The police are investigating a series of attacks in the area.
警方在调查该地区发生的一连串袭击事件。
3. There’s been a whole series of accidents on this road.
这条路上发生了一连串的交通事故。
"
record,"v.记录，记载；标明；将录音
n.档案，履历；唱片；最高纪录
adj.创纪录的
","1. Her husband made her record every penny she spent.
她丈夫要她把花的每分钱都记下来。
2. The coroner recorded a verdict of accidental death.
验尸官作出了意外死亡的结论。
3. Profits were at record levels.
利润水平是创纪录的。
"
moral,"adj.道德的；精神上的；品性端正的
n.道德；寓意
","1. It is easy to have an opinion on a moral issue like the death penalty for murder.
对于判谋杀犯死刑这种涉及伦理道德的问题，有个观点并非难事。
2. If we accept that certain babies should be allowed to die, we place doctors in a moral dilemma .
如果我们同意应该允许某些婴儿死去，那就是让医生在道德上处于两难境地了。
3. Man is gifted with a moral sense by which he distinguishes good from evil.
人类天生有道德意识，能区分善与恶。
"
production,"n.成果；产品；生产；作品
","1. the new Shakespeare production at the Arts Theatre
艺术剧院新排演的莎士比亚戏剧
"
population,"n.人口；[生物] 种群，[生物] 群体；全体居民
","1. Nearly 70 percent of the population still live in the countryside.
人口中差不多有70%仍住在乡村。
"
underline,"v.强调；在…下面划线；预告
n.下划线；下期节目预告
","1. This tragic incident underlines the need for immediate action.
这一悲剧事件突显了立即采取行动的必要性。
"
humanity,"n.人类；人道；仁慈；人文学科
","1. We want a clean healthy environment for all humanity .
我们希望全人类拥有一个干净健康的生存环境。
2. crimes against humanity
反人类罪
"
position,"n.位置，方位；职位，工作；姿态；站位
v.安置；把……放在适当位置
","1. Lie in a comfortable position .
以一个舒服的姿势躺下。
2. Frankie shifted his position so that his knees would not become cramped.
弗朗基换了个姿势，这样他的膝盖就不会老蜷着动弹不得。
"
particular,"adj.特别的；详细的；独有的；挑剔的
n.详细说明；个别项目
","1. In this particular case, no one else was involved.
这件事没有其他人牵涉其中。
2. Most students choose one particular area for research.
大多数学生选择一个特定领域进行研究。
3. a particular type of food
某一类食品
"
immigrant,"adj.移民的；迁入的
n.移民，侨民
","1. But “the hostile part can be mobilized from time to time,” by what he calls “anti-immigrant entrepreneurs.
但是“敌对的那部分可能会不时地动员”，以他称之为“反移民企业家”的名义。
2. That such a woman would want more for her daughter than someone who was a failed boxer, a doorman, and an illegal immigrant seemed to him perfectly reasonable.
在他看来，这样一个女人想要给自己的女儿找一个比失败的拳击手、看门人和非法移民更好的男人，是完全合理的。
"
opportunity,"n.时机，机会
","1. There are fewer opportunities for new graduates this year.
今年新毕业的大学生就业机会较少。
"
access,"v.使用；存取；接近
n.进入；使用权；通路
","1. Users can access their voice mail remotely.
用户可以远程获取语音邮件。
"
observe,"v.庆祝
","1. ...where he will observe Thanksgiving with family members.
…在那里他将与家人一起庆祝感恩节。
"
stay,"v.停留；坚持；暂住；停下
n.逗留；停止；支柱
","1. They stayed all afternoon chatting.
他们待了整个下午聊天。
2. She stayed late to finish the report.
为了完成报告，她工作到很晚。
"
commercial,"adj.商业的；营利的；靠广告收入的
n.商业广告
","1. Our top priorities must be profit and commercial growth.
我们必须把利润和贸易增长作为我们的第一要务。
"
reveal,"v.显示；透露；揭露；泄露
n.揭露；暴露；门侧，窗侧
","1. He may be prosecuted for revealing secrets about the security agency.
他可能因泄露安全部门的机密而被起诉。
2. a test that can reveal a teacher’s hidden skills
能够展现老师潜在技能的测试
"
effort,"n.努力；成就
","1. please make an effort to be polite.
请尽量礼貌些。
2. Church leaders are prepared to meet the terrorists in an effort to (= in order to try to ) find peace.
为寻求和平，教会领袖准备与恐怖分子会面。
"
reduce,"v.减少；降低；使处于；把…分解
","1. The governor announced a new plan to reduce crime.
州长宣布了一项降低犯罪率的新计划。
2. The helmet law should reduce injuries in motorcycle accidents.
头盔法的实施应该能减少摩托车事故的受伤率。
3. Small businesses will need to reduce costs in order to survive.
小企业要想生存必须削减成本。
"
term,"n.术语；学期；期限；条款；(代数式等的)项
v.把…叫做
","1. Teachers often feel overworked in term time (= during the term ) .
教师在学期内经常觉得工作担子过重。
"
action,"n.行动；活动；功能；战斗；情节
","1. The government must take action (=  do something  ) now to stop the rise in violent crime.
政府现在必须采取行动遏止暴力犯罪的上升。
2. She was looking forward to putting her ideas into action (=  doing the things she had planned  ) .
她盼望着将自己的想法付诸实施。
3. Ambulance crews are ready to spring into action (=  suddenly start doing something  ) if anything goes wrong during the race.
救护车急救人员随时准备出动，以应对比赛期间发生的意外。
"
decade,"n.十年，十年期；十
","1. ...the last decade of the nineteenth century.
…19世纪的最后10年。
"
productivity,"n.生产力；生产率；生产能力
","1. high productivity levels in manufacturing
制造业中的高生产率
2. It cost the country $4 million in lost productivity .
它对该国造成了400万美元的生产力损失。
"
sentence,"n.[语][计] 句子，命题；宣判，判决
v.判决，宣判
","1. His voice dropped at the end of the sentence.
到句子结尾处，他压低了嗓音。
"
celebrity,"n.名人；名声
","1. a sporting celebrity
体育明星
2. He’s a national celebrity.
他是全国有名的人物。
3. We invited a number of minor celebrities (= people who are not very famous ) .
我们邀请了一些小有名气的人物。
4. celebrity chef/gardener etc
名厨/名人园艺师等
"
teacher,"n.教师；导师
","1. a primary school teacher
小学教师
"
concern,"v.涉及，关系到；使担心
n.关系；关心；关心的事；忧虑
","1. Issues like food additives do concern me.
食品添加剂这类事情确实使我很担心。
"
score,"n.分数；二十；配乐；刻痕
v.获得；评价；划线，刻划；把…记下
","1. a musical score
乐谱
2. Who wrote the score for the movie?
这部电影的配乐是谁谱写的？
"
variety,"n.多样；种类；杂耍；变化，多样化
","1. I really like the variety the store has to offer.
我很喜欢这家商店商品的丰富多样。
"
unique,"adj.独特的，稀罕的；[数] 唯一的，独一无二的
n.独一无二的人或物
","1. Each person’s fingerprints are unique.
每个人的指纹都是独一无二的。
"
depend,"v.依赖，依靠；取决于；相信，信赖
","1. He depended on his writing for his income.
他靠写作谋生。
"
nuclear,"adj.原子能的；[细胞] 细胞核的；中心的；原子核的
","1. France’s reliance on nuclear energy
法国对核能的依赖
2. a nuclear power station
核电站
3. a nuclear-powered submarine
核动力潜艇
"
involve,"v.包含；牵涉；使陷于；潜心于
","1. What will the job involve?
这份工作包括什么？
2. I didn’t realize putting on a play involved so much work.
我没想到上演一出戏剧需要做这么多的工作。
"
career,"n.生涯；职业；事业；速度，全速
adj.作为毕生职业的
v.全速前进，猛冲
","1. a teaching career
教学事业
2. He realized that his acting career was over.
他意识到自己的演艺事业已走到了尽头。
3. a physiotherapist who wanted to make a dramatic career change by becoming an author
想彻底改行当作家的理疗师
4. Nurses want an improved career structure (= better opportunities to move upwards in their jobs ) .
护士希望有更好的职业架构。
5. She received very little career guidance when young.
她年轻时没受过什么就业指导。
"
belief,"n.相信，信赖；信仰；教义
","1. When you get something wrong, it can shake your belief in yourself.
如果有什么事情没做好，就会动摇你对自己的信心。
"
spend,"v.度过，消磨（时光）；花费；浪费；用尽
n.预算
","1. I can’t afford to spend any more money this week.
这星期我没有能力花更多的钱了。
2. The repairs cost a lot, but it’s money well spent (= a sensible way of spending money ) .
修理费很高，但这是该花的钱。
"
necessary,"adj.必要的；必需的；必然的
n.必需品
","1. The booklet provides all the necessary information about the college.
这本小册子提供了关于那所学院的所有必需信息。
2. No further changes were considered necessary.
没有必要作出进一步改变。
3. The doctor says it may be necessary for me to have an operation.
医生说我可能需要做手术。
"
general,"adj.一般的，普通的；综合的；大体的
n.一般；将军，上将；常规
","1. a general introduction to computing
计算机应用概论
2. I skimmed through it to get a general impression of the text.
我把文章浏览了一下，让自己有个大致的了解。
3. I have a general idea of what I want to express.
我对自己想要表达什么有个大致的想法。
4. He spoke in general terms about greater competitiveness.
他大致地说了说要加强竞争力。
"
cure,"v.治疗；治愈；使硫化；加工处理
n.治疗；治愈；[临床] 疗法
","1. Many types of cancer can now be cured.
现在许多癌症都可以治好。
2. an operation that can cure short-sightedness in 15 minutes
15分钟就可治愈近视的一种手术
"
network,"n.网络；广播网；网状物
","1. Hungary’s telephone network
匈牙利的电话网
2. a high-speed European rail network
欧洲的高速铁路网
"
determine,"v.（使）下决心，（使）做出决定
","1. The date of the court case has not yet been determined.
庭审日期尚未确定。
"
possible,"adj.可能的；合理的；合适的
n.可能性；合适的人；可能的事物
","1. Is it possible toget tickets for the game?
有没有可能弄到比赛的门票？
2. It might be possible for the documents to be sent over.
这些文件也许可以发送过去。
3. Computer technology makes it possible for many people to work from home.
计算机技术让很多人可以在家里工作。
4. I want to avoid the rush hour traffic if possible .
如有可能我想避开交通高峰时间。
5. I walk or use public transport whenever possible .
只要有可能我就步行或者乘坐公共交通工具。
6. We are doing everything possible to track down the killer.
我们正竭尽全力追捕杀人凶手。
7. Our staff will help you in every way possible .
我们的员工会尽力帮助你。
8. Even if it were technically possible , we do not have the money to do it.
即使技术上可行，我们也没有钱去做。
9. She decided to stay as far away from him as was humanly possible .
她决定尽可能离他远点。
"
security,"n.安全；保证；证券；抵押品
adj.安全的；保安的；保密的
","1. The trial was held under tight security .
这场审讯是在戒备森严的情况下进行的。
2. lax security at airline check-in desks
登机手续柜台松懈的安全措施
3. terrorist activity that is a threat to national security
威胁国家安全的恐怖活动
4. The prison was ordered to tighten security after a prisoner escaped yesterday.
昨天一名囚犯越狱后，该监狱被勒令加强安全措施。
5. The Security Commission investigates breaches of security .
安全委员会对违反安全规定的事项进行调查。
6. We have been asked not to say anything for security reasons .
出于安全考虑，我们被要求守口如瓶。
7. The security forces opened fire, killing two people.
保安部队开枪打死了两个人。
8. The thief was caught on a security camera .
小偷被保安摄像机当场拍了下来。
9. There are strict security checks on everyone entering the Opera House.
每个人进入歌剧院都要接受严格的安全检查。
10. A large number of homes lack adequate security measures .
许多住宅都未采取足够的安全措施。
"
organization,"n.组织；机构；体制；团体
","1. The public expect high standards from any large organization.
公众对任何大型机构都期望很高。
2. the World Trade Organization
世界贸易组织
3. a voluntary organization which helps disabled people with their transport needs
帮助残疾人士满足其交通需求的一个志愿组织
4. an illegal terrorist organization
非法的恐怖组织
5. international organizations such as the UN
诸如联合国之类的国际组织
"
pursuit,"n.追赶，追求；职业，工作
","1. The quarterback sprinted toward the end zone with Jansen in hot pursuit (= following closely behind ) .
那名四分卫快速冲向底线区，詹森穷追不舍。
"
plant,"n.工厂，车间；植物；设备；庄稼
v.种植；培养；栽培；安置
","1. Don’t forget to water the plants.
别忘记给植物浇水。
"
situation,"n.情况；形势；处境；位置
","1. I explained the situation to everyone.
我向大家介绍了一下情况。
"
agency,"n.代理，中介；代理处，经销处
","1. a UN agency responsible for helping refugees
负责为难民提供帮助的联合国机构
"
natural,"adj.自然的；物质的；天生的；不做作的
n.自然的事情；白痴；本位音
","1. the study of the natural world 
对自然界的研究
2. an area of spectacular natural beauty
自然风景秀丽的地区
3. death from natural causes
自然死亡
4. the need for natural light in offices
办公室里需要自然光的照射
"
speak,"v.说话；演讲；表明；陈述
","1. I was so shocked I couldn’t speak.
我震惊得说不出话来。
2. He spoke very softly (= quietly ) .
他说话声音非常轻柔。
"
feature,"n.特色，特征；容貌；特写或专题节目
v.起重要作用
","1. Air bags are a standard feature in most new cars.
气囊是大多数新车的标准配置。
2. Striped tails are a common feature of many animals.
尾巴上有条纹是许多动物的共同特征。
3. The hotel’s only redeeming features (= things that make it acceptable ) were that it was cheap and near the city centre.
这家旅馆仅有的可取之处就是价格低廉并且靠近市中心。
4. One of the distinguishing features (= features that are different from other things of the same sort ) of modern banking is its dependence on computers.
现代银行业的显著特征之一就是依赖电脑。
"
translation,"n.翻译；译文；转化；调任
","1. She read the letter and gave us a rough translation (= she did not translate everything exactly ) .
她看了信，给我们大概翻译了一下。
2. I’ve only read ‘Madame Bovary’ in translation (= not in its original language ) .
我只读过《包法利夫人》的翻译本。
3. Much of the book’s humour has been lost in translation (= is no longer effective when translated ) .
本书的许多幽默元素已在翻译过程中丢失。
"
mass,"n.块，团；群众，民众；大量，众多；质量
adj.群众的，民众的；大规模的，集中的
v.聚集起来，聚集
","1. The road was blocked by a solid mass of protesters.
道路被密密麻麻的抗议者阻塞了。
"
achieve,"v.取得；获得；实现；成功
","1. Frances achieved very good exam results.
弗朗西丝考试取得了优异成绩。
2. Wilson has achieved considerable success as an artist.
威尔逊作为一名艺术家成就斐然。
3. She eventually achieved her goal of becoming a professor.
她终于实现目标，当上了教授。
"
agree,"v.同意，赞成；承认；约定，商定
","1. Teenagers and their parents rarely agree.
十几岁的孩子跟父母意见很少一致。
"
difficult,"adj.困难的；不随和的；执拗的
","1. a difficult question
难解的问题
2. an immensely difficult task
极为艰巨的任务
3. Was the exam very difficult?
这次考试很难吗？
4. It’s difficult to see how more savings can be made.
想要进一步节约看来是很难了。
5. He’s finding it difficult to get a job.
他发现找工作很难。
"
formal,"adj.正式的；拘谨的；有条理的
n.正式的社交活动；夜礼服
","1. formal recognition of the reformed church
改革后的教会所获得的官方承认
2. a formal agreement between the countries
两国间的正式协议
3. There is no formal structure for negotiating pay increases.
加薪谈判没有正式的框架可循。
"
lawyer,"n.律师；法学家
","1. Prosecution and defence lawyers are expected to deliver closing arguments next week.
原告律师和被告律师下周将要作终结辩论。
"
trend,"n.趋势，倾向；走向
v.趋向，伸向
","1. The current trend is towards more part-time employment.
当前的趋势是雇用更多的兼职人员。
2. the general trend towards the centralization of political power
政治权力集中化的普遍趋势
3. A disturbing trend is that victims of violence are getting younger.
一个令人担心的趋势是，暴力行为的受害者越来越年轻。
4. The growing trend is for single mothers to bring up children by themselves.
单身母亲独自抚养孩子的趋势在上升。
5. Even so, the underlying trend is positive.
尽管如此，基本趋势仍是乐观的。
6. national and international economic trends
国内和国际的经济趋势
7. the downward trend in the price of gold
黄金价格的下滑势头
8. Successive presidents have tried to reverse this trend , but without success.
连续几任总统都试图扭转这一趋势，但均未成功。
"
order,"n.命令；顺序；规则；[贸易] 定单
v.命令；整理；定购
","1. There seemed to be no logical order to the sections.
这几部分似乎没有逻辑顺序。
"
advantage,"n.优势；利益；有利条件
v.获利
","1. Younger workers tend to be at an advantage (=  have an advantage  ) when applying for jobs.
年轻点的工人申请工作时往往处于优势地位。
2. It might be to your advantage (=  it might help you  ) to take a computer course of some kind.
上一门计算机课程可能对你有利。
"
suppose,"v.假设；认为；让（虚拟语气）；推想
conj.假使…结果会怎样
","1. There were many more deaths than was first supposed.
死亡人数远远超过最初的预料。
2. (= it is unlikely that ) he’s lying.
没有理由认为他在说谎。
"
province,"n.省；领域；职权
","1. a Chinese province
中国的一个省
"
soccer,"n.英式足球，足球
","1. It must be one of those soccer scarfs from England.
那一定是某个英国足球队的围巾。
"
encourage,"v.鼓励，怂恿；激励；支持
","1. I want to thank everyone who has encouraged and supported me.
我要感谢每一位鼓励和支持过我的人。
"
promise,"n.许诺，允诺；希望
v.允诺，许诺；给人以…的指望或希望
","1. If you make a promise, you should keep it.
如果你许下一个诺言，你就应该遵守它。
2. The post office has promised to resume first class mail delivery to the area on Friday.
邮局已承诺在星期五恢复该地区第一类邮件的递送。
3. He had promised that the rich and privileged would no longer get preferential treatment.
他已承诺富人和特权阶层将不会再得到优待。
4. Promise me you will not waste your time.
向我承诺你不会浪费你的时间。
5. I'll call you back, I promise.
我会给你回电话的，我保证。
"
sign,"n.迹象；符号；记号；手势；指示牌
v.签署；签名
","1. a sign on the door
门上的标牌
2. {""COLLOINEXA"":[""road signs""]}
路标
3. a no smoking sign
禁止吸烟的告示牌
4. Don’t ignore the fog warning signs .
不要忽视雾警标志。
"
analysis,"n.分析；分解；验定
","1. She’s been in analysis for three years.
她接受精神分析治疗已经三年了。
"
translate,"v.翻译；转化；解释；转变为；调动
","1. Poetry doesn’t usually translate well.
诗歌通常都译不好。
"
expert,"adj.熟练的；内行的；老练的
n.专家；行家；能手
vt.当专家；在…中当行家
","1. He cast his expert eye on the gardener’s work.
他用内行的眼光看了看园丁干的活。
"
present,"v.提出；介绍；呈现；赠送
adj.现在的；出席的
n.现在；礼物；瞄准
","1. She was presented with an award .
她被授予一个奖项。
"
justice,"n.司法，法律制裁；正义；法官，审判员
","1. a book on the criminal justice system
一本有关刑事审判制度的书
2. The killers will be brought to justice(= caught and punished ).
这些杀人犯将被绳之以法。
3. Acts of terrorism must not escape justice.
恐怖主义行为必定难逃法律制裁。
"
apply,"v.申请；涂，敷；应用
","1. We need to apply for planning permission to build a garage.
我们建车库需要申请规划许可。
"
limited,"adj.有限的
n.高级快车
","1. My knowledge of the business is limited.
我对这一行了解有限。
2. The organization has very limited resources.
这家机构资源非常有限。
3. So far, the education reforms have had only limited success.
迄今为止，教育改革只取得了有限的成效。
"
source,"n.来源；水源；原始资料
","1. They get their money from various sources.
他们从各种途径弄到钱。
"
carry,"v.拿，扛；携带；支持；搬运
n.运载；[计] 进位；射程
","1. Gina was carrying a small bunch of flowers.
吉娜拿着一小束花。
2. Angela carried the child in her arms.
安杰拉把小孩抱在怀里。
3. Let me carry that for you.
让我帮你拿吧。
4. Jack carried his grandson up the stairs.
杰克把孙子抱上楼去。
"
focus,"n.焦点；中心；清晰；焦距
v.使集中；使聚焦
","1. The focus of recent research has been on environmental issues.
近期的研究重点是环境问题。
2. Eggs became the focus for the food poisoning scare.
鸡蛋成了食物中毒恐慌的焦点。
"
sleep,"v.睡，睡觉
n.睡眠
","1. I usually sleep on my back.
我一般仰卧着睡觉。
2. Did you sleep well?
你睡得好吗？
3. He’s lucky because at least he has somewhere to sleep.
他算是幸运的，至少还有个睡觉的地方。
"
reality,"n.现实；实际；真实
","1. the distinction between fantasy and reality
幻想和现实之间的区别
2. TV is used as an escape from reality .
电视成了逃避现实的一种方式。
3. I think the government has lost touch with reality (= no longer understands what is real or true ) .
我认为政府已经脱离了现实。
4. political realities
政治现实
5. The paperless office may one day become a reality .
无纸化办公室有一天可能会成为现实。
"
catch,"v.赶上；抓住；感染；了解
n.捕捉；捕获物；窗钩
","1. He was caught red-handed (= as he was doing something wrong ) taking money from the cash register.
他从现金出纳机偷钱时被当场抓住。
"
basic,"adj.基本的；基础的
n.基础；要素
","1. the basic principles of chemistry
化学的基本原理
2. The basic idea is simple.
基本思想很简单。
3. {""COLLOINEXA"":[""basic research""]}
基础研究
4. {""COLLOINEXA"":[""basic information""]}
基本信息
"
drink,"v.喝，饮；吸收；举杯庆贺
n.酒，饮料；喝酒
","1. You should drink plenty of water.
你应该大量喝水。
2. What would you like to drink?
你想喝点什么？
3. Take a seat while I get you something to drink .
请坐，我去给你倒杯喝的。
4. She filled the glass and drank.
她把杯子倒满后喝了起来。
"
finding,"n.发现；裁决；发现物
v.找到；感到（find的ing形式）；遇到
","1. Surveys conducted in other countries reported similar findings.
在其他国家进行的调查也报告说有类似的结果。
"
visit,"n.访问；参观；逗留
v.访问；参观；视察
","1. We’re just here on a short visit.
我们只在这儿作短暂逗留。
2. Why don’t you come for a visit this summer?
你们何不今年夏天来这里做客呢？
3. I decided to pay him a visit at his office.
我决定去他的办公室拜访他。
4. I’ve just had a visit from the police.
警察刚来找过我。
5. I’m only here for the weekend – just a flying visit this time.
我在这里只过个周末这次逗留时间很短。
6. his first official visit to Britain as Russian President
他当选俄罗斯总统后的首次正式访问英国
7. The town is well worth a visit.
这个小镇绝对值得一看。
"
model,"n.模型；典型；模范；模特儿；样式
v.模拟；塑造；模仿
adj.模范的；作模型用的
","1. a working model (= one with parts which move ) of a steam engine
蒸汽机车的活动模型
2. ...a model railway.
…一个铁路模型。
"
matter,"n.物质；事件
v.有关系；要紧
","1. particles of matter
物质的微粒
"
physical,"adj.[物] 物理的；身体的；物质的；根据自然规律的，符合自然法则的
n.体格检查
","1. She was in constant physical pain.
她一直感到身上疼痛。
2. the physical and emotional needs of young adults
青年人的身心需求
3. people with severe physical disabilities
身体重度残疾的人
4. Don’t be put off by his physical appearance .
别因为他的外貌讨厌他。
5. He was obsessed with physical fitness .
他对健身着了迷。
"
classical,"adj.古典的；经典的；传统的；第一流的
n.古典音乐
","1. the classical theory of relativity
经典相对论
"
growth,"n.增长；发展；生长；种植
","1. measures to stimulate economic growth
刺激经济增长的措施
"
trade,"n.贸易，交易；行业；职业
v.交易，买卖；以物易物
","1. international trade agreements
国际贸易协定
2. unfair trade practices
不公平的贸易行为
"
track,"n.轨道；足迹，踪迹；小道
v.追踪；通过；循路而行；用纤拉
","1. The road leading to the farm was little more than a dirt track .
只有一条烂泥小路通往农场。
2. The track led through dense forest.
小径穿过茂密的森林。
3. a steep mountain track
陡峭的山路
"
senior,"adj.高级的；年长的；地位较高的；年资较深的，资格较老的
n.上司；较年长者；毕业班学生
","1. the senior Democrat on the House committee
众议院委员会中的资深民主党人
2. White men hold most of the jobs in senior management .
白人占据高级管理层的大部分职位。
3. the senior partner in a law firm
律师事务所里的资深合伙人
"
educate,"v.教育；培养；训练
","1. The Ormerod School educates handicapped children.
奥默罗德学校的教育对象为残疾儿童。
"
stand,"v.站立；位于；停滞
n.站立；立场；看台；停止
","1. It looks like we’ll have to stand – there are no seats left.
看来我们只能站着——没有座位了。
2. She stood in the doorway.
她站在门口。
3. (= do not move ) and listen to me.
站好别动，听我说。
4. Don’t just stand there (= stand and not do anything ) – help me!
不要光站在那里，帮帮我！
"
journalist,"n.新闻工作者；报人；记日志者
","1. a well-known journalist and broadcaster
一位著名的新闻记者兼播音员
"
setting,"n.环境；安装；布置；[天] 沉落
v.放置；沉没；使…处于某位置（set的ing形式）
","1. I’ve worked with children in various settings, mainly in secondary school.
我在许多地方教过孩子，主要是在中学。
"
return,"v.返回；报答
n.返回；归还；回球
adj.报答的；回程的；返回的
","1. It was forty five minutes before she returned.
过了45分钟她才回来。
2. Alison decided to return home.
艾利森决定回家。
3. He left his country, never to return.
他离开了祖国，一去不复返。
"
relationship,"n.关系；关联
","1. He’s never had a sexual relationship before.
他以前从未与人有过性关系。
"
pattern,"n.模式；图案；样品
v.模仿；以图案装饰
","1. Weather patterns have changed in recent years.
气候模式近年已经发生了变化。
2. A general pattern began to emerge .
一个总体模式开始显现。
3. Their descriptions seemed to follow a set pattern (= always develop in the same way ) .
他们的描述似乎依据固定的模式。
4. His behavior fits a pattern of violent acts.
他的举动符合暴力行为的模式。
"
emerge,"v.浮现；摆脱；暴露
","1. The flowers emerge in the spring.
花儿在春天开放。
"
ignore,"v.驳回诉讼；忽视；不理睬
","1. You can’t ignore the fact that many criminals never go to prison.
你不能无视很多罪犯从未获刑的事实。
2. problems which we can’t afford to ignore
我们不能置之不理的问题
"
flow,"v.流动，涌流；川流不息；飘扬
n.流动；流量；涨潮，泛滥
","1. Money has been flowing into the country from Western aid agencies.
资金源源不断地从西方援助机构流入该国。
"
suitable,"adj.适当的；相配的
","1. We are hoping to find a suitable school.
我们希望能找到一所合适的学校。
"
environment,"n.环境，外界
","1. Some of these chemicals are very damaging to the environment.
这些化学品中有些对环境非常有害。
2. legislation to protect the environment
保护环境的法规
3. the effects of acid rain on the environment
酸雨对环境的影响
4. the government minister for the environment
负责环境事务的政府部长
"
exercise,"n.运动；练习；运用；操练；礼拜；典礼
v.锻炼；练习；使用；使忙碌；使惊恐
","1. Try to fit some regular exercise into your daily routine.
尽量在日常生活中安排一些经常性的锻炼。
2. Working in an office, I don’t get much exercise.
由于在办公室工作，我很少运动。
"
force,"n.力量；武力；军队；魄力
v.促使，推动；强迫；强加
","1. Peace cannot be imposed by force .
和平不能通过武力来实现。
2. The UN will allow the use of force against aircraft violating the zone.
联合国将允许对侵犯这一地区的飞机采取军事行动。
"
introduce,"v.介绍；引进；提出；采用
","1. Have you two been introduced? Tom, this is Greg.
有人给你们俩互相介绍了吗？汤姆，这位是格雷格。
"
personal,"adj.个人的；身体的；亲自的
n.人事消息栏；人称代名词
","1. My personal view is that we shouldn’t offer him the job.
我个人认为我们不该给他这份工作。
2. Style and colour are a matter of personal taste .
款式和颜色是个人爱好问题。
3. She took full personal responsibility for all the arrangements.
她个人对所有的安排承担全部责任。
4. When I went to her room all her personal belongings had gone.
我到她房间时，她所有的私人物品都已不在了。
5. After Alan’s death, his mother received his personal effects .
艾伦死后，他母亲接收了他的私人物品。
6. I know from personal experience that you can’t trust Ralph.
根据我的亲身经验，我认为你不能相信拉尔夫。
7. the personal qualities needed to be successful in business
生意成功所需要的个人素质
8. The car is for personal use only.
这辆汽车仅供私人使用。
9. On a personal level he felt sympathy for them, but he had a job to do.
从个人角度他很同情他们，但是他有任务在身。
10. celebrities with their own personal trainer
拥有私人健身教练的名流
"
negative,"adj.[数] 负的；消极的；否定的；阴性的
n.否定；负数；[摄] 底片
v.否定；拒绝
","1. students with a negative attitude to school
对上学抱消极态度的学生
2. They have a uniformly negative image of the police.
他们都对警察印象不好。
3. Jean rarely sounded so negative about her mother.
琼很少这么说她母亲不好。
"
native,"adj.本国的；土著的；天然的；与生俱来的；天赋的
n.本地人；土产；当地居民
","1. They never saw their native land again.
他们再也没见到故土。
2. He spent most of his professional life outside his native Poland.
他大部分的职业生涯都没在祖国波兰度过。
"
investment,"n.投资；投入；封锁
","1. We plan to buy some property as an investment.
我们打算买些房地产作为投资。
"
exchange,"n.交换；交流；交易所；兑换
v.交换；交易；兑换
","1. Four of my cassettes for your Madonna CD is a fair exchange.
我用四盒磁带换你的麦当娜激光唱片很公平。
"
range,"n.范围；幅度；排；山脉
v.（在内）变动；平行，列为一行；延伸；漫游；射程达到
","1. a temperature range of 72-85˚
72 度到85度之间的温度范围
2. Even the cheapest property was out of our price range (= too expensive for us ) .
即使是最便宜的房子也超出了我们能承受的价格范围。
"
professional,"adj.专业的；职业的；职业性的
n.专业人员；职业运动员
","1. This business plan looks very professional.
这个商业计划看上去很有专业水平。
2. a more professional approach to work
更专业的工作方法
"
strong,"adj.坚强的；强壮的；牢固的；擅长的
adv.强劲地；猛烈地
n.(Strong)人名；(英)斯特朗
","1. He was a big strong man.
他高大健壮。
2. Jack was tall and strong.
杰克又高又壮。
3. I’m not strong enough to fight him.
和他打我还不够强壮。
"
extra,"adv.特别地，非常；另外
n.临时演员；号外；额外的事物；上等产品
adj.额外的，另外收费的；特大的
","1. They need to offer something extra to attract customers.
他们需要提供额外的东西以吸引顾客。
"
threat,"n.威胁，恐吓；凶兆
","1. Your threats don’t scare me.
你的那些威胁吓不倒我。
2. threats made against his wife and children
对他妻儿的威胁
3. Nichols never carried out his threat to resign.
尼科尔斯威胁过要辞职，但从未付诸行动。
4. The government will not give in to terrorist threats .
政府不会屈服于恐怖分子的威胁。
5. She dismissed the statement as an empty threat .
她无视这项声明，认为是个空口威胁。
6. They warned him with veiled threats not to mention anything he had witnessed.
他们话中有话地威胁他不要提及他所目睹的事。
7. The police are investigating death threats made against the two men.
警方正在调查针对这两名男子的死亡恐吓。
8. Officials at the school say they received a bomb threat at approximately 11:30 a.m. today.
学校的官员说他们在今天上午11点半左右收到过炸弹恐吓。
"
successful,"adj.成功的；一帆风顺的
","1. The operation was successful.
手术成功了。
2. a highly successful (= very successful ) meeting
十分成功的会议
"
conduct,"v.导电；带领
n.进行；行为；实施
","1. Aluminium, being a metal, readily conducts heat .
铝这种金属导热性能很好。
"
consequence,"n.结果；重要性；推论
","1. I don’t suppose it is of any consequence now.
现在我觉得这事一点都无所谓了。
"
simply,"adv.简单地；仅仅；简直；朴素地；坦白地
","1. This work is simply not good enough.
这工作做得实在不够好。
2. He simply won’t accept the committee’s decision.
他根本不接受委员会的决定。
3. That would be simply wonderful!
那简直太棒了！
4. It is quite simply the most ridiculous idea I’ve ever heard.
这简直是我听到过的最荒唐的想法。
"
largely,"adv.主要地；大部分；大量地
","1. The state of Nevada is largely desert.
内华达州大部分是沙漠。
2. It had been a tiring day, largely because of all the tedious waiting.
那一天真累人，主要是因为等得无聊。
"
evolution,"n.演变；进化论；进展
","1. the theory of evolution
进化论
"
enhance,"v.提高；加强；增加
","1. Good lighting will enhance any room.
良好的照明能给房间增色不少。
2. The publicity has enhanced his reputation.
这次宣传提高了他的声誉。
"
emotion,"n.情感；情绪
","1. Her voice was full of emotion.
她的声音充满了激情。
2. She was good at hiding her emotions.
她很会掩饰自己的情感。
3. Kim received the news without showing any visible sign of emotion.
金接到消息时丝毫不露声色。
"
usual,"adj.通常的，惯例的；平常的
","1. Make a cheese sauce in the usual way.
按通常的做法做奶酪酱。
2. I’ll meet you at the usual time.
我在老时间和你碰头。
3. She ate twice as much as usual.
她吃了平时食量两倍的东西。
"
guide,"n.指南；向导；入门书
v.引导；带领；操纵
","1. a tour guide
导游
2. an experienced mountain guide
一位有经验的登山向导
"
economy,"n.经济；节约；理财
","1. a successful economy
发展成功的经济
2. the slowdown in the Japanese economy
日本经济的减缓
"
exist,"v.存在；生存；生活；继续存在
","1. The custom of arranged marriages still exists in many countries.
许多国家仍存在包办婚姻的习俗。
2. Opportunities exist for students to gain sponsorship.
学生有机会获得资助。
3. Stop pretending that the problem doesn’t exist.
别再假装这个问题不存在了。
4. The club will cease to exist if financial help is not found.
该俱乐部要是得不到资助将不复存在。
"
politics,"n.政治，政治学；政治活动；政纲
","1. a good understanding of politics in China
对中国政治很好的了解
2. modern American politics
现代美国政治
3. Politics have always interested Anita.
阿妮塔一直对政治感兴趣。
"
expose,"v.揭露，揭发；使曝光；显示
","1. He lifted his T-shirt to expose a jagged scar across his chest.
他撩起T恤衫，露出横贯胸部的锯齿状伤疤。
"
technology,"n.技术；工艺；术语
","1. Modern technology makes moving money around much easier than it used to be.
现代科技使货币流动比以前便捷得多。
2. Advances in technology have improved crop yields by over 30%.
科技的进步使庄稼产量提高了30%以上。
3. There have been major new developments in satellite technology.
卫星技术有了重大的新发展。
4. Many people are unwilling to embrace new technologies.
很多人不愿意接受新科技。
"
predict,"v.预报，预言；预知
","1. Sales were five percent lower than predicted.
销售额比预期低5%。
2. As Liz had predicted , the rumours were soon forgotten.
正如利兹所预料的，流言很快就被淡忘了。
"
epidemic,"adj.流行的；传染性的
n.传染病；流行病；风尚等的流行
","1. Over 500 people died during last year’s flu epidemic.
去年流感大暴发期间有五百多人死亡。
"
smoke,"n.烟；抽烟；无常的事物
v.冒烟，吸烟；抽烟；弥漫
","1. cigarette smoke
香烟的烟雾
2. Smoke from burning fields drifted across nearby roads.
地里燃烧产生的烟雾飘到了附近的公路上。
3. the pall of smoke (= thick cloud of smoke ) that hung over the city
笼罩在城市上空的浓烟
"
firm,"adj.坚定的；牢固的；严格的；结实的
v.使坚定；使牢固
adv.稳固地
n.公司；商号
","1. The sofa cushions are fairly firm.
沙发的坐垫很硬。
2. a firm green apple
硬的青苹果
3. Most doctors recommend sleeping on a firm mattress.
大多数医生建议睡硬床垫。
"
discipline,"n.学科；纪律；训练；惩罚
v.训练，训导；惩戒
","1. The book gives parents advice on discipline.
这本书指导父母如何管教孩子。
2. serious discipline problems in the police force
警察队伍内严重的纪律问题
"
emphasize,"v.强调，着重
","1. The report emphasizes the importance of improving safety standards.
报告强调了改进安全标准的重要性。
2. Logan made a speech emphasizing the need for more volunteers.
罗根发表演讲，强调需要更多的志愿者。
"
poetry,"n.诗；诗意，诗情；诗歌艺术
","1. He reads a lot of poetry.
他大量阅读诗歌。
2. a poetry magazine
诗歌杂志
"
conscious,"adj.意识到的；故意的；神志清醒的
","1. The driver was still conscious when the ambulance arrived.
救护车赶到时，司机仍然神志清醒。
"
goal,"n.目标；球门，得分数；终点
vi.攻门，射门得分
","1. Your goal as a parent is to help your child become an independent adult.
身为父母，你的目标就是要培养孩子成为独立的成年人。
"
outcome,"n.结果，结局；成果
","1. People who had heard the evidence at the trial were surprised at the outcome.
在审判过程中听过证词的人都对此结果感到吃惊。
"
reader,"n.读者；阅读器；读物
","1. The book will appeal to young readers.
这本书会吸引年轻读者。
2. I’ve always been an avid reader (= someone who reads a lot ) .
我向来是一个嗜书如命的人。
"
reputation,"n.名声，名誉；声望
","1. Alice Munro has a reputation for being a very depressing writer.
艾丽斯•门罗有文风抑郁的名声。
"
identify,"v.确定；鉴定；识别，辨认出；使参与；把…看成一样 vi确定；认同；一致
","1. He was too far away to be able to identify faces.
他离得太远，没法看面孔认出谁是谁。
2. The police took fingerprints and identified the body.
警方采集了指纹，对尸体作了身份确认。
"
express,"v.表达；快递
adj.明确的；迅速的；专门的
n.快车，快递，专使；捷运公司
","1. Parents have expressed their concerns about their children’s safety.
父母对自己孩子的安全表示忧虑。
2. She expressed an interest in seeing York.
她表示有兴趣见见约克。
3. Many people have expressed their opposition to the proposals.
许多人反对这些提议。
4. He first learnt to express himself through movement at hisdance classes.
他最初是在舞蹈班学会通过动作表达情感的。
5. Words can’t express (= it is impossible to describe ) how angry we felt.
我们的愤怒无以言表。
"
policy,"n.政策，方针；保险单
","1. an insurance policy
保险单
"
spy,"v.侦察；发现；暗中监视
n.间谍；密探
","1. Ellen suddenly spied her friend in the crowd.
埃伦突然在人群中找到了她的朋友。
"
church,"n.教堂；礼拜；教派
adj.教会的；礼拜的
v.领…到教堂接受宗教仪式
","1. a short church service
简短的教堂礼拜仪式
2. church bells
教堂的钟
"
wrong,"adv.错误地；邪恶地，不正当地
n.坏事；不公正
adj.错误的；失常的；不适当的
v.委屈；无理地对待；诽谤
","1. You’ve spelt my name wrong.
你把我的名字拼错了。
2. What? Have I done it wrong ?
什么？我做得不对吗？
3. I asked him to sort those files, but he’s done it all wrong (= in completely the wrong way ) .
我让他整理这些文件，可是他弄得根本不对。
4. I must have added it up wrong, then.
那我一定是加错了。
5. It looks like it's spelled wrong.
看起来像是拼错了。
"
measure,"n.测量；措施；程度；尺寸
v.测量；估量；权衡
","1. New safety measures were being demanded after last night’s horrific train crash.
昨晚发生严重的火车相撞事故后，民众要求制定新的安全措施。
2. The new bridge was erected as a temporary measure to replace the one which was destroyed by floods.
建这座新桥是为了临时代替被洪水毁坏的那座桥。
"
prove,"v.证明；检验；显示
","1. You’re wrong, and I can prove it.
你错了，我可以证明。
2. To prove his point (= show that he was right ) , he mentioned several other experiments which had produced similar results.
为了证明自己的观点，他提到了另外几个结果相似的实验。
"
competition,"n.竞争；比赛，竞赛
","1. Going to trade fairs is an ideal opportunity to size up the competition .
参加商品交易会是估量竞争规模的理想机会。
"
majority,"n.多数；成年
","1. The Labour Party won a huge majority at the last general election.
工党在上次大选中以巨大的票数优势获胜。
"
store,"n.商店；储备，贮藏；仓库
v.贮藏，储存
","1. At Christmas the stores stay open late.
在圣诞节期间，商店营业到很晚。
"
story,"n.故事；小说；新闻报道；来历；假话
vt.用历史故事画装饰
vi.说谎
","1. a book of short stories
短篇小说集
2. We cuddled together over a bedtime story .
我们依偎在一起看睡前故事。
3. The film was based on a true story .
这部影片是根据真实故事改编的。
4. Don’t be frightened – it’s only a story (= it is imaginary ) .
别害怕，这只是一个故事。
"
current,"adj.现在的；流通的，通用的；最近的；草写的
n.（水，气，电）流；趋势；涌流
","1. Current thinking suggests that toxins only have a small part to play in the build-up of cellulite.
流行的观点认为毒素只对脂肪团形成起很小的作用。
"
scholar,"n.学者；奖学金获得者
","1. a Shakespearean scholar
研究莎士比亚的学者
"
increasingly,"adv.越来越多地；渐增地
","1. Marketing techniques are becoming increasingly sophisticated.
市场营销技巧越来越巧妙。
2. Increasingly, young people distrust all forms of government.
年轻人越来越不相信任何形式的政府。
"
expect,"v.期望；指望；认为；预料
","1. He will be hard to beat. I fully expect (= am completely sure about ) that and I’m ready.
他很难击败。我确信这一点，不过我准备好了。
2. ‘Who are you?’ he murmured, only half expecting (= thinking it was possible, but not likely ) her to answer.
“你是谁？”他低声问道，预计她可能不会回答。
3. He didn’t get his expected pay rise.
他没有得到他预想的加薪。
"
acquire,"v.获得；取得；学到；捕获
","1. Manning hoped to acquire valuable works of art as cheaply as possible.
曼宁希望以尽可能低的价格买到有价值的艺术品。
2. She has acquired an email address and a site on the World Wide Web.
她获得了一个电子邮件地址和万维网网址。
"
occur,"v.发生；出现；存在
","1. A third of accidental deaths occur in the home.
有三分之一的意外死亡发生在家里。
2. The explosion occurred at 5.30 a.m.
爆炸发生在清晨5点30分。
"
reflect,"v.反映；反射，照出；表达；显示;反省
","1. The drop in consumer spending reflects concern about the economy.
消费支出的下降反映出人们对经济的担忧。
"
progress,"n.进步，发展；前进
v.前进，进步；进行
","1. We made good progress despite the snow.
尽管下雪，我们的行程还是很顺利。
"
global,"adj.全球的；总体的；球形的
","1. global climate change
全球气候变化
2. the global economy
全球经济
"
remember,"v.记得；牢记；纪念；代…问好
","1. Do you remember Rosa Davies?
你记得罗莎·戴维斯吗？
2. I can’t remember her exact words.
我记不得她的原话了。
3. I remember it well ; I’d never seen my mother so angry.
这件事我记得很清楚；我从未见过母亲这么生气。
4. She clearly remembers the excitement as they boarded the train.
她清楚地记得他们登上火车时的激动心情。
5. I vaguely remember reading something about it in the paper.
我隐约记得在报纸上看到过有关情况。
6. They had three children, if I remember rightly .
如果我没记错，他们有三个孩子。
7. They’ve lived here for as long as I can remember .
在我记忆中他们一直都住在这儿。
8. No one got drunk as far as I can remember .
我记得当时没有人喝醉酒。
"
consumption,"n.消费；消耗；肺痨
","1. Vigorous exercise increases oxygen consumption.
剧烈运动增加氧的消耗。
"
advance,"n.发展；前进；增长；预付款
v.提出；预付；使……前进；将……提前
adj.预先的；先行的
","1. a major advance
一项重大进展
2. the advances made in the understanding of mental handicap
在了解智障方面取得的进步
3. They don't normally give any advance notice about which building they're going to inspect.
他们对要视察哪座大楼通常不作事先通知。
"
advocate,"v.提倡，主张，拥护
n.提倡者；支持者；律师
","1. Extremists were openly advocating violence.
极端主义者公开鼓吹使用暴力。
"
sort,"n.种类；方式；品质
v.分类；协调；交往
","1. Most of the victims developed psychological problems of one sort or another (= of various different types ) .
大多数受害者都出现了这样那样的心理问题。
2. They do burgers, pizzas, that sort of thing .
他们供应汉堡包、比萨饼什么的。
"
wake,"v.醒来；唤醒；警觉
n.尾迹；守夜；守丧
","1. When she woke, the sun was streaming through the windows.
她醒来时，阳光泻入窗内。
2. Try not to wake the baby.
尽量不要吵醒宝宝。
"
doubt,"n.怀疑；疑问；疑惑
v.怀疑；不信；恐怕；拿不准
","1. There was still one little nagging doubt at the back of his mind.
他的心头仍有一丝挥之不去的疑虑。
"
figure,"n.数字；人物；图形；价格；（人的）体形；画像
v.计算；出现；扮演角色
","1. A hexagon is a six-sided figure.
六边形是一种有六条边的几何图形。
"
association,"n.协会，联盟，社团；联合；联想
","1. the Association of Master Builders
建筑师协会
"
relation,"n.关系；叙述；故事；亲属关系
","1. The price the meat is sold for bears no relation to (= is not connected to ) the price the farmer receives.
肉的售价和农民拿到的价格无关。
"
stop,"v.停止；堵塞；断绝
n.停止；车站；障碍；逗留
","1. Stop throwing those stones!
别再扔那些石头了！
"
aspect,"n.方面；方向；形势；外貌
","1. a south-facing aspect
朝南方向
"
contribute,"v.贡献，出力；投稿；捐献
","1. The three sons also contribute to the family business.
3个儿子也为家族企业做贡献。
"
preserve,"v.保存；保护；维持；腌；禁猎
n.保护区；禁猎地；加工成的食品
","1. We must encourage the planting of new trees and preserve our existing woodlands.
我们必须鼓励栽种新树木，同时也要保护现有的林地。
"
memory,"n.记忆，记忆力；内存，[计] 存储器；回忆
","1. He has lots of happy memories of his stay in Japan.
他对在日本逗留的那段时光有许多美好的回忆。
"
examine,"v.检查；调查； 检测；考试
","1. A team of divers was sent down to examine the wreck.
一组潜水员被送到水下检查沉船。
2. Hegel’s philosophy will be examined in detail in Chapter 4.
黑格尔的哲学将在第4章作详细探讨。
"
obvious,"adj.明显的；显著的；平淡无奇的
","1. The obvious way of reducing pollution is to use cars less.
减少污染显而易见的办法就是少用汽车。
"
learning,"n.学习；学问
v.学习（learn的现在分词）
","1. a man of great learning
学识渊博的人
"
tradition,"n.惯例，传统；传说
","1. the traditions of South East Asia
东南亚的传统
2. the tradition that the eldest son inherits the property
长子继承家产的传统
3. By tradition, it’s the bride’s parents who pay for the wedding.
根据传统习俗，婚礼的费用由新娘的父母承担。
"
special,"n.特使，特派人员；特刊；特色菜；专车；特价商品
adj.特别的；专门的，专用的
","1. a lunch special for $4.99
4.99 美元的特惠午餐
"
benefit,"n.利益，好处；救济金
v.有益于，对…有益
","1. I never had the benefit of a university education.
我从未受过大学教育。
2. The new credit cards will be of great benefit to our customers.
新信用卡将大大方便我们的客户。
3. I hope that the decision taken today will be to the benefit of the whole nation.
我希望今天所作的决定将惠及我们整个国家。
"
attract,"v.吸引；引起
","1. I’m not usually attracted to blondes.
我一般不喜欢金发女子。
"
similar,"adj.相似的
n.类似物
","1. We have similar tastes in music.
我们对音乐的品位相近。
2. Both approaches seem to achieve similar results.
两种方法都得出了相似的结果。
3. A number of his friends had been affected in a similar way .
他的一些朋友也受到了类似的影响。
4. The two products look quite similar .
这两种产品看上去很相似。
"
statement,"n.声明；陈述，叙述；报表，清单
","1. In an official statement, she formally announced her resignation.
在一份官方声明中，她正式宣布辞职。
"
establish,"v.建立；创办；安置
","1. The city of Boerne was established by German settlers in the 1840s.
博恩市是德国移民于19世纪40年代建立的。
2. Our goal is to establish a new research centre in the North.
我们的目标是在北方建立一个新的研究中心。
"
avoid,"v.避免；避开，躲避；消除
","1. Road safety is taught to young children to avoid road accidents.
小孩子受到道路安全知识的教育，以避免交通事故。
2. It is important to take measures to avoid the risk of fire.
采取措施避免火灾风险很重要。
3. Alan narrowly avoided an accident.
艾伦险出事故。
"
secure,"adj.安全的；无虑的；有把握的；稳当的
v.保护；弄到；招致；缚住
","1. Companies can offer secure credit card transactions over the Internet.
公司可以提供安全的网上信用卡交易。
"
collection,"n.采集，聚集；[税收] 征收；收藏品；募捐
","1. We’ll be taking up a collection at the end of tonight’s service.
我们在今晚的仪式之后将举行募捐活动。
"
replace,"v.取代，代替；替换，更换；归还，偿还；把…放回原处
","1. I’m replacing Sue on the team.
我将接替队里的休。
2. Lectures have replaced the old tutorial system.
课堂授课取代了旧式的导师制。
"
lack,"v.缺乏；不足；没有；需要
n.缺乏；不足
","1. Alex’s real problem is that he lacks confidence.
亚历克斯的真正问题是缺乏信心。
"
origin,"n.起源；原点；出身；开端
","1. The tradition has its origins in the Middle Ages.
这一传统源于中世纪。
2. old folk tales of unknown origin
起源不明的古老民间传说
"
dynamic,"adj.动态的；动力的；动力学的；有活力的
n.动态；动力
","1. a dynamic and unstable process
不断变化的、不稳定的过程
"
suffer,"v.遭受；忍受；经历
n.(Suffer)人名；(意)苏费尔
","1. At least he died suddenly and didn’t suffer.
至少他死得突然，没有遭罪。
2. She’s suffering a lot of pain.
她遭受着巨大的痛苦。
"
female,"adj.女性的；雌性的；柔弱的，柔和的
n.女人；[动] 雌性动物
","1. female voters
女性选民
2. Over half of the staff is female.
半数以上的员工是女性。
"
disease,"n.病，[医] 疾病；弊病
vt.传染；使…有病
","1. His father died of heart disease.
他父亲死于心脏病。
2. She contracted the disease while she was abroad on holiday.
她在国外度假时染上了这种疾病。
"
charge,"n.费用；电荷；掌管；控告；命令；负载
v.使充电；使承担；指责；装载；对…索费；向…冲去
","1. Guided tours are provided at no charge .
免费提供有导游带队的观光游览。
2. Your order will be sent free of charge (= with no cost ) .
你订的货物将免费运送。
"
stock,"n.股份，股票；库存；血统；树干；家畜
adj.存货的，常备的；平凡的
v.进货；备有；装把手于…
","1. We have a huge stock of quality carpets on sale.
我们备有大量优质地毯出售。
"
executive,"adj.行政的；经营的；执行的，经营管理的
n.总经理；执行委员会；执行者；经理主管人员
","1. a commission with executive powers
有执行权的委员会
"
negotiate,"v.谈判，商议；转让；越过
","1. His first aim is to get the warring parties back to the negotiating table (= discussing something ).
他的首要目标就是把交战各方拉回到谈判桌上。
"
rely,"v.依靠；信赖
","1. They relied heavily on the advice of their professional advisers.
他们非常依赖专业顾问的建议。
"
desire,"n.欲望；要求，心愿；性欲
v.想要；要求；希望得到…
","1. female sexual desire
女性的性欲
2. She had remarried and desired a child with her new husband.
她再婚了，想跟新任丈夫生一个孩子。
"
revenue,"n.税收，国家的收入；收益
","1. advertising revenue
广告收入
2. Strikes have cost £20 million in lost revenues .
罢工造成的收入损失达到2,000万英镑。
"
game,"n.游戏；比赛
adj.勇敢的
v.赌博
","1. The boys were playing a game in the backyard.
男孩们在后院里玩游戏。
2. He said he's game for a similar challenge next year.
他说明年他敢尝试一次类似的挑战。
"
draft,"n.汇票；草稿；选派；（尤指房间、烟囱、炉子等供暖系统中的）（小股）气流
v.起草；制定；征募
adj.初步画出或（写出）的；（设计、草图、提纲或版本）正在起草中的，草拟的；以草稿形式的；草图的
","1. the rough draft of his new novel
他的新小说的草稿
2. I read the first draft and thought it was very good.
我读了第一稿，觉得非常好。
3. All parties eventually approved the final draft (= finished form ) of the peace treaty.
各方最后都同意了和平条约的终稿。
"
separate,"v.使分离；使分开；使分居
adj.单独的；分开的；不同的；各自的；
n.分开；抽印本
","1. This will keep your dressing from separating.
这样可以防止调味汁分层。
2. First, separate the eggs (= divide the white part from the yellow part ) .
第一步，把蛋清和蛋黄分开。
"
reject,"v.拒绝；排斥；抵制；丢弃
n.被弃之物或人；次品
","1. Sarah rejected her brother’s offer of help.
萨拉拒绝了她弟弟的帮助。
2. Dexter flatly rejected (= completely rejected ) calls for his resignation.
德克斯特断然拒绝让他辞职的要求。
3. His proposal was rejected outright (= completely rejected ) .
他的建议被彻底否决了。
"
mental,"adj.精神的；脑力的；疯的
n.精神病患者
","1. The centre provides help for people suffering from mental illness .
该中心对精神病患者提供帮助。
2. Stress has an effect on both your physical and mental health .
压力对身体健康和心理健康都有影响。
"
essential,"adj.基本的；必要的；本质的；精华的
n.本质；要素；要点；必需品
","1. The essential difference between Sam and me was the fact that I took life seriously.
我和萨姆的根本区别在于我是认真对待生活的。
2. The essential point of relay racing is that it is a team effort.
接力赛跑的基本要点是讲究团队配合。
"
root,"n.根；根源；词根；祖先
v.生根；根除
","1. tree roots
树根
2. These plants produce a number of thin roots.
这些植物会长出一些细根。
"
escape,"v.逃避，避开，避免；被忘掉；被忽视
n.逃跑；逃亡；逃走；逃跑工具或方法；野生种；泄漏
","1. They went to the hills to escape the summer heat.
他们去山中避暑了。
2. The youth was trying to escape the clutches of two drunken female companions.
那个小伙子试图摆脱两名醉酒女伴的纠缠。
"
phenomenon,"n.现象；奇迹；杰出的人才
","1. Homelessness is not a new phenomenon .
无家可归已不是什么新现象。
"
unite,"v.使…混合；使…联合；使…团结
","1. Our goal is to unite the opposition parties and defeat the President.
我们的目标是联合各反对党挫败总统。
"
fair,"adj.公平的；美丽的，白皙的；[气象] 晴朗的
adv.公平地；直接地；清楚地
v.转晴
n.展览会；市集；美人
","1. Why does Eric get to go and I don’t? It’s not fair!
为什么埃里克能去我不能？这不公平！
2. Life isn’t always fair.
生活并非总是公平的。
3. My boss expects a lot – but he’s very fair.
我的老板要求很高——但是他很公平。
4. the question caught him fair off his guard

"
article,"n.文章；物品；条款；[语] 冠词
v.订约将…收为学徒或见习生；使…受协议条款的约束
","1. The paper’s leading article (=  the main article  ) described the government as weak.
该报社论称政府软弱。
2. newspaper articles
报纸上的文章
"
discover,"v.发现；发觉
","1. The body was discovered in a field.
尸体是在一块田地里找到的。
2. Forest Service crews often discover campfires that have not been put out completely.
林务局工作人员常常发现未完全熄灭的营火。
"
management,"n.管理；管理人员；管理部门；操纵；经营手段
","1. a lack of management skills
缺乏管理技巧
2. a management consultant
一个管理顾问
3. management training courses
管理培训课程
"
recent,"adj.最近的；近代的
","1. Irving’s most recent book
欧文最新的书
2. recent research into the causes of cancer
近来对致癌原因的研究
3. the recent past
不久前
"
recognize,"v.认出，识别；承认
","1. I didn’t recognize you in your uniform.
你穿上制服我认不出你了。
2. It was malaria, but Dr Lee hadn’t recognized the symptoms.
这是疟疾，但李医生没有认出症状。
"
insurance,"n.保险；保险费；保险契约；赔偿金
","1. Your father took out insurance to cover the mortgage.
你父亲购买了抵押借款保险。
"
inevitable,"adj.必然的，不可避免的
","1. A further escalation of the crisis now seems inevitable.
危机的进一步升级现在看来已不可避免。
"
original,"n.原件；原作；原物；原型
adj.原始的；最初的；独创的；新颖的
","1. The colours are much more striking in the original.
原作的色彩要鲜艳得多。
2. I’ll keep a copy of the contract, and give you the original.
我将留一份合同副本，把原件给你。
"
sell,"v.销售；推销；出卖；欺骗
n.销售；失望；推销术
","1. If you offer him another hundred, I think he’ll sell.
如果你再加一百元钱，我想他会卖的。
2. He regrets selling all his old records.
他后悔把所有的老唱片都卖掉了。
"
status,"n.地位；状态；情形；重要身份
","1. These documents have no legal status in Britain.
这些文件在英国并无法律效力。
2. What is your marital status (= are you married or not ) ?
你的婚姻状况是什么？
"
regard,"n.注意；尊重；问候；凝视
v.注重，考虑；看待；尊敬；把…看作；与…有关
","1. My husband sends his regards .
我丈夫向你问好。
2. Hope to see you soon. Regards, Chris
希望很快见到你。 祝安，克里斯
"
laughter,"n.笑；笑声
","1. Foster joined in the laughter.
福斯特也跟着笑了起来。
2. He looked shocked, then burst into laughter (= started laughing ).
他一脸的震惊，接着便放声大笑起来。
"
appeal,"v.呼吁，恳求；上诉；诉诸，求助；有吸引力，迎合爱好；（体育比赛中）诉诸裁判
n.呼吁，请求；吸引力，感染力；上诉；诉诸裁判
","1. She is not happy with the decision and plans to appeal.
她不服判决，打算上诉。
"
favor,"v.赞成；喜欢；像；赐予；证实
n.喜爱；欢心；好感
",
sensitive,"adj.敏感的；感觉的；[仪] 灵敏的；感光的；易受伤害的；易受影响的
n.敏感的人；有灵异能力的人
","1. a very sensitive child
一个很敏感的小孩
"
suit,"v.适合；使适应
n.诉讼；恳求；套装，西装；一套外衣
","1. Whatever your reason for borrowing, we have the loan that suits your needs .
不管您因何贷款，我们都会有满足您需要的贷款。
2. There’s a range of restaurants to suit all tastes .
有各种各样的餐馆可以满足所有口味。
3. There are countryside walks to suit everyone .
有适合每个人的乡村步行路径。
4. We have gifts to suit every pocket (= of all prices ) .
我们有各种价格的礼物。
5. Either steak or chicken would suit me fine .
牛排或鸡肉我都可以。
6. The climate there will suit you down to the ground (= suit you very well ) .
那儿的天气你会非常满意。
"
crime,"n.罪行，犯罪；罪恶；犯罪活动
vt.控告……违反纪律
","1. We moved here because there was very little crime.
我们搬到这里来是因为这里的犯罪率很低。
2. Police officers are being given new powers to help combat crime.
警官们被赋予新的权力帮助他们打击犯罪。
3. a police crackdown on car crime
警察对汽车犯罪活动的一次严厉打击
4. a town with a relatively low crime rate
犯罪率相对较低的一个城镇
"
circuit,"n.[电子] 电路，回路；巡回；一圈；环道
v.环行
","1. We did a circuit of the old city.
我们绕着老城走了一圈。
"
directly,"adv.直接地；立即；马上；正好地；坦率地
conj.一…就
","1. The new property tax law won’t directly affect us.
新的财产税法不会直接影响到我们。
2. We hope to bring together the countries directly involved in the conflict.
我们希望让直接卷入冲突的各国重归于好。
"
property,"n.性质，性能；财产；所有权
","1. The hotel is not responsible for any loss or damage to guests’ personal property .
宾馆对住客个人财物的丢失和损坏概不负责。
2. Some of the stolen property was found in Mason’s house.
在梅森家里找到了部分被盗财物。
"
warm,"adj.温暖的；热情的
v.同情；激动；变温暖
n.取暖；加热
","1. The house was lovely and warm.
那房子漂亮温暖。
2. I hope we get some warm weather soon.
我希望天气很快就会回暖。
3. I’ve put your dinner in the oven to keep it warm.
我把你的饭菜放进了烤箱里保温。
4. warm water
温水
"
skeptical,"adj.怀疑的；怀疑论的，不可知论的
","1. Not all theory that we read in this course is skeptical.
我们在这门课中提及的理论不全是怀疑性的。
2. L.M.:Well, I was skeptical myself in the beginning. But these are facts. The findings are very reproducible and we are waiting for confirmation by other labs.
大爷：我老人家一开始也是很怀疑的。但是这个是事实。这个发现可以被反复验证，我们正在等待别的实验是的验证。
"
authority,"n.权威；权力；当局
","1. an agreement between the US and Colombian authorities
美国和哥伦比亚当局的一份协议
"
primary,"adj.主要的；初级的；基本的
n.原色；最主要者
","1. Our primary concern is to provide the refugees with food and health care.
我们的头等大事是向难民提供食品和医疗。
2. Many of the villagers rely on fishing as their primary source of income.
很多村民以打鱼作为他们的主要收入来源。
3. Personal safety is of primary importance .
人身安全至关重要。
"
politician,"n.政治家，政客
","1. politicians who are trying to get the minority vote
努力争取少数族群选票的政治家
2. a British Labour politician
英国工党政治家
"
step,"n.步，脚步；步骤；步伐；梯级
v.踏，踩；走
","1. a video of baby’s first steps
一盒婴儿学步的录像带
2. He took one step and fell.
他走了一步就跌倒了。
3. I had to retrace my steps (= go back the way I came ) several times before I found the shop.
我来回走了几次才找到那家商店。
"
responsibility,"n.责任，职责；义务
","1. Kelly’s promotion means more money and more responsibility.
凯利获得提升，这意味着钱多了，责任也更大了。
"
possibility,"n.可能性；可能发生的事物
","1. There’s always a possibility that he might go back to Seattle.
他也许会回到西雅图去，这种可能性一直存在。
2. the possibility of an enemy attack
敌人进攻的可能性
3. There was no possibility of changing the voting procedure.
改变投票程序是不可能的。
4. A peace settlement now looks like a real possibility .
达成和平协议现在看来有很大的可能性。
5. Tomorrow, there’s a remote possibility of snow on high ground.
明天高原地区下雪的可能性甚微。
6. They might get married – it’s not beyond the bounds of possibility .
他们也许会结婚——这并非不可能。
7. The study raises the possibility that dieting is bad for your health.
那项研究指出节食有可能损害健康。
"
chemical,"n.化学制品，化学药品
adj.化学的
","1. the organic chemicals industry
有机化学工业
2. synthetic chemicals
合成化学品
"
indicate,"v.表明；指出；预示；象征
","1. The study indicates a connection between poverty and crime.
研究显示贫穷和犯罪有关联。
"
critical,"adj.鉴定的；[核] 临界的；批评的，爱挑剔的；危险的；决定性的；评论的
","1. He made some highly critical remarks.
他发表了一些严厉的批判性言论。
"
southern,"adj.南的；南方的
n.南方人
","1. a southern accent
南部口音
2. Southern Italy
意大利南部
"
importance,"n.价值；重要；重大；傲慢
","1. He was full of his own importance (= he behaved in an annoying way which showed that he thought he was very important ).
他自以为很了不起。
"
adjust,"v.调整，使…适合；校准
","1. Check and adjust the brakes regularly.
经常检查并调节刹车装置。
2. Taste the soup and adjust the seasoning.
尝尝汤的味道，然后调整佐料用量。
3. If your employment status changes, your tax code will be adjusted accordingly.
如果就业状况改变，你的免税代码也会作相应调整。
"
scale,"n.规模；比例；鳞；刻度；天平；数值范围
v.衡量；攀登；剥落；生水垢
","1. A structural survey revealed the full scale of the damage.
结构检验揭示了实际受损程度。
2. I was shocked by the sheer scale (= very big scale ) of the destruction.
破坏程度之大让我大为震惊。
3. Large firms benefit from economies of scale (= ways of saving money because they are big ) .
大公司从规模经济中得益。
"
everyday,"adj.每天的，日常的
n.平时；寻常日子
","1. the problems of everyday life
日常生活中的问题
2. wearing everyday clothes
穿平常衣服
3. a simple, everyday object
简单的日常物品
4. Describe it in ordinary everyday language.
用一般的日常语言把它描述一下。
"
philosopher,"n.哲学家；哲人
","1. Plato, Aristotle, and other Greek philosophers
柏拉图、亚里士多德和其他希腊哲学家
"
magazine,"n.杂志；弹药库；胶卷盒
","1. a magazine article
杂志中的文章
2. She glanced over the magazine racks.
她扫了一眼杂志架。
"
trouble,"n.麻烦；烦恼；故障；动乱
v.麻烦；使烦恼；折磨
","1. Recent stock market losses point to trouble ahead.
最近股市的下跌预示着未来将有麻烦。
"
traffic,"n.交通；运输；贸易；[通信] 通信量
v.用…作交换；在…通行
","1. There wasn’t much traffic on the roads.
路上车辆不多。
2. The sound of the traffic kept me awake.
车辆来往的嘈杂声令我无法入睡。
"
size,"n.大小；尺寸
adj.一定尺寸的
v.依大小排列
","1. He’s a small boy, about John’s size.
他是个小男孩，个子和约翰差不多。
2. Jensens’ house is about the same size as ours.
詹森的房子和我们的差不多大。
3. He’s quite a big dog, but he’s still not full size yet.
这条狗体型很大，但还没有长足。
"
worm,"n.虫，蠕虫；蜗杆；螺纹；小人物
v.使蠕动；给除虫；使缓慢前进
","1. ...a new computer worm that disables security software.
…一种使安全软件失灵的新型计算机蠕虫病毒。
"
bite,"v.咬；刺痛
n.咬；一口；咬伤；刺痛
abbr.机内测试设备（Built-In Test Equipment）
","1. The dog bit him and made his hand bleed.
那只狗把他的手咬出血了。
"
code,"n.代码，密码；编码；法典
v.编码；制成法典
",
cope,"v.处理；对付；竞争
n.长袍
","1. Sometimes I find it hard to cope.
有时候我觉得很难应付。
2. He coped quite well as manager while still captaining the team.
他是球队的主教练，同时兼任队长，干得相当好。
"
generate,"v.使形成；发生；生殖；产生物理反应
","1. a useful technique for generating new ideas
能产生新创意的有用技术
2. The program would generate a lot of new jobs.
这个项目将创造许多新的就业岗位。
"
modern,"adj.现代的，近代的；时髦的
n.现代人；有思想的人
","1. Such companies must change if they are to compete in the modern world .
此类公司如果想在现代社会中与别人竞争，就必须有所改变。
2. They are the youngest children in modern times to face murder charges.
他们是近代面临谋杀指控儿童中年龄最小的。
3. Smaller families are a feature of modern society .
家庭规模变小是现代社会的一个特征。
4. Computers are an essential part of modern life .
电脑是现代生活必不可少的组成部分。
5. a book about modern history
一本关于现代史的书
6. The original supermarkets were small by modern standards.
最初的超级市场按现代的标准来看是很小的。
"
payment,"n.付款，支付；报酬，报答；偿还；惩罚，报应
","1. Payment can be made by cheque or credit card.
可以用支票或信用卡付款。
2. We do accept payment in instalments (= paying in small amounts over a period of time ) .
我们确实接受分期付款。
3. She demanded payment in advance .
她要求预先付款。
"
respect,"n.尊敬，尊重；方面；敬意
v.尊敬，尊重；遵守
","1. The boys showed a complete lack of respect for authority.
这些男孩子根本无视权威。
"
campaign,"v.作战；参加竞选；参加活动
n.运动；活动；战役
","1. Jones ran a good campaign.
琼斯的活动搞得很成功。
2. Police have launched a campaign to crack down on drug dealers.
警方发起了一场严厉打击毒贩的运动。
"
labor,"n.劳动；工作；劳工；分娩
v.劳动；努力；苦干
","1. No, the supply chains themselves depend on the costs of labor being low.
这绝非如此，因为供应链本身就依赖于低廉的劳动力成本。
"
colleague,"n.同事，同僚
","1. a colleague of mine from the bank
我在银行的一位同事
2. She discussed the idea with some of her colleagues.
她和几位同事讨论了这个想法。
"
element,"n.元素；要素；原理；成分；自然环境
","1. Business and management elements are built into the course.
本课程加入了商务和管理方面的内容。
"
sight,"n.视力；景象；眼界；见解
v.看见；瞄准
adj.见票即付的；即席的
","1. Anne’s sight is very good for someone of her age.
安妮的视力对于她这个年龄的人来说算是非常好的。
2. He began to lose his sight six years ago.
六年前他开始视力衰退。
3. an emergency operation to save his sight
挽救他视力的紧急手术
4. You will get a free sight test if you are under 16.
如果你不满16岁，可以免费检查视力。
"
trust,"n.信任，信赖；责任；托拉斯
v.信任，信赖；盼望；赊卖给
","1. At first there was a lack of trust between them.
起初，他们之间缺乏信任。
2. an agreement made on the basis of mutual trust
在相互信任的基础上达成的一项协议
3. You betrayed your father’s trust (= did something bad even though he trusted you ) .
你辜负了你父亲对你的信任。
"
link,"n.[计] 链环，环节；联系，关系
v.连接，连结；联合，结合
","1. Send an email to the above address to report a broken link (= a link that is not working properly ).
如发现链接失败，请发送电子邮件至上述地址告知。
"
town,"n.城镇，市镇；市内商业区
","1. an industrial town in the Midlands
英格兰中部的一座工业城镇
2. I walked to the nearest town.
我走到最近的镇上。
"
freedom,"n.自由，自主；直率
","1. People here like their freedom and privacy.
这里的人喜欢他们所拥有的自由与隐私权。
2. the rights and freedoms of citizens
公民的权利与自由
3. the freedom to vote
选举自由
"
partner,"n.伙伴；合伙人；配偶
v.合伙；合股；成为搭档
","1. Discuss your worries with your partner.
和伴侣谈谈你的忧虑。
2. Only 29% of lone parents receive financial support from their former partners .
只有29%的单身家长得到他们前配偶的经济资助。
3. a sexual partner
性伴侣
"
sit,"v.坐；位于
n.(Sit)人名；(东南亚国家华语)硕；(罗)西特
","1. The parliament building sits in a large square.
议会大楼位于一个大广场上。
2. He’s got a computer sitting on his desk, but he doesn’t use it.
他有一台电脑放在书桌上，但他不用。
3. My climbing boots were sitting unused in a cupboard.
我的登山靴在橱柜里，一直没有穿。
4. The house has sat empty for two years.
这幢房子已经空置两年了。
"
department,"n.部；部门；系；科；局
","1. the personnel department
人事部
2. the English department
英语系
"
manager,"n.经理；管理人员
","1. one of our regional managers
我们的一位地区经理
2. a middle manager in a computer company
一家计算机公司的中层管理人员
"
worth,"adj.值…的
n.价值；财产
","1. You should not deprecate your own worth.
你不应该贬低你自己的价值。
"
design,"v.设计；计划；构思
n.设计；图案
","1. The tower was designed by Gilbert Scott.
这座塔楼是吉尔伯特·斯科特设计的。
"
commit,"v.犯罪，做错事；把交托给；指派…作战；使…承担义务
","1. Women commit fewer crimes than men.
女性犯罪比男性少。
"
ancestor,"n.始祖，祖先；被继承人
","1. My ancestors were French.
我的祖先是法国人。
"
hijack,"v.抢劫；揩油
n.劫持；威逼；敲诈
","1. The airliner was hijacked by a group of terrorists.
该航班被一帮恐怖分子劫持。
"
rest,"v.使休息，使轻松；把…寄托于
n.休息，静止；休息时间；剩余部分；支架
","1. If you’re tired, we’ll stop and rest for a while.
如果你累了，我们就停下来歇一会儿。
"
enter,"v.进入；开始；参加
n.[计] 输入；回车
","1. Both the boys entered the army.
两个男孩都参了军。
2. She entered politics in 1996.
她于1996年进入政界。
3. He entered the Church (= became a priest ) as a young man.
他年轻时就领了圣职。
"
innovation,"n.创新，革新；新方法
","1. We must encourage innovation if the company is to remain competitive.
公司要想保持竞争力，就必须鼓励革新。
"
sustain,"v.维持；支撑，承担；忍受；供养；证实
","1. She found it difficult to sustain the children’s interest.
她发现很难保持孩子们的兴趣。
2. He was incapable of sustaining close relationships with women.
他无法和女人维持亲密关系。
3. the policies necessary to sustain economic growth
维持经济增长必需的政策
"
image,"n.影像；想象；肖像；偶像
v.想象；反映；象征；作…的像
","1. She peered closely at her image in the mirror.
她仔细检视镜子中自己的映像。
"
retail,"v.零售；转述
n.零售
adv.以零售方式
adj.零售的
","1. Their products are retailed all over Britain.
他们的产品在英国各地都有零售。
"
teenager,"n.十几岁的青少年；十三岁到十九岁的少年
","1. a TV sex education series aimed at teenagers
一部针对青少年的性教育电视系列片
"
manner,"n.方式；习惯；种类；规矩；风俗
","1. He felt some guilt over the manner of her death.
她以这种方式死去，他心里有些内疚。
2. The issue will be resolved in a manner that is fair to both sides.
这个问题将用对双方都公平的方式来解决。
3. criticism of the manner in which the bishop was appointed
对主教任命方式的批评
"
threaten,"v.威胁；恐吓；预示
","1. Postal workers are threatening a strike if they don’t receive a pay increase.
邮政工人威胁如果不加薪，他们就要罢工。
"
month,"n.月，一个月的时间
","1. I hope I’ll have finished the work by the end of the month .
我希望我这个月底能完成工作。
2. She earns about £350 a month (= each month ) .
她每月约挣350英镑。
3. We update the schedule at least once a month.
我们至少每月更新一次日程表。
"
international,"n.国际组织；国际体育比赛；外国居留者；国际股票
adj.国际的；两国（或以上）国家的；超越国界的；国际关系的；世界的
","1. the response of the international community
国际社会的反响
2. the UN and other international organizations
联合国和其他国际组织
"
repeat,"v.重复；复制；背诵
n.重复；副本
","1. Repeat the exercises twice a day.
这套操每天做两次。
2. We must not repeat the mistakes of the past.
我们不能再犯以前的错误。
3. The team are hoping to repeat their success (= achieve the same good result ) of last season.
球队希望再续上一赛季的佳绩。
"
neglect,"v.疏忽，忽视；忽略
n.疏忽，忽视；怠慢
","1. She smoked and drank, neglected the children, and left the clothes unmended.
她抽烟喝酒，既不照顾孩子，也不缝补衣服。
2. a neglected garden
疏于打理的花园
3. The building has been badly neglected.
这栋大楼严重疏于维护。
"
mode,"n.模式；方式；风格；时尚
","1. Set the monitor to 256 colour mode.
把显示器调成256色彩模式。
"
shop,"n.商店；店铺
v.购物
","1. a barber’s shop
理发店
2. a fish-and-chip shop
炸鱼薯条店
3. the local shops
当地的商店
4. Shirley saw her reflection in the shop window.
雪莉在商店橱窗里看到了自己的影像。
5. I’m just going down to the shops .
我正要去商店。
"
folk,"n.民族；人们；亲属（复数）
adj.民间的
","1. I’m sure there are some folk who would rather they weren’t here.
我敢肯定有些人宁愿自己不在这里。
2. Thanks to the folks at NBC.
感谢全国广播公司的工作人员。
3. Wait till the folks back home hear about this!
等到家乡的人听说这事吧！
"
justify,"v.证明合法；整理版面
","1. No argument can justify a war.
没有任何理由能证明一个战争有理。
"
mention,"v.提到，谈到；提及，论及；说起
n.提及，说起
","1. Was my name mentioned at all?
我的名字被提到过吗？
2. Some of the problems were mentioned in his report.
其中的一些问题在他的报告里提到了。
3. (= it is important enough to mention ) that they only studied a very small number of cases.
必须说明的是他们仅研究了几个个案。
4. As I mentioned earlier , there have been a lot of changes recently.
正如我刚才所说的，最近变化很大。
5. She mentioned in passing (= mentioned in a quick unimportant way ) that you had just been to Rome.
她只是随口提了一下你刚刚去过罗马。
"
resistant,"adj.抵抗的，反抗的；顽固的
n.抵抗者
","1. Some people are very resistant to the idea of exercise.
一些人对锻炼的主意非常抵制。
"
daily,"adj.日常的；每日的
n.日报；朝来夜去的女佣
adv.日常地；每日；天天
","1. daily flights to Miami
每日飞往迈阿密的航班
"
random,"adj.[数] 随机的；任意的；胡乱的
n.随意
adv.胡乱地
","1. The company has introduced random drug testing of its employees.
公司已实行对雇员的随机毒品测试。
2. A few random shots were fired.
胡乱放了几枪。
3. We looked at a random sample of 120 families.
我们研究了随机抽样的120个家庭。
4. a random selection of women who were in the shop
对店内女性的随机选择
"
decline,"n.下降；衰退；斜面
v.下降；衰落；谢绝
","1. Official figures show a sharp decline in the number of foreign tourists.
官方数字显示外国游客数量骤降。
"
objective,"adj.客观的；目标的；宾格的
n.目的；目标；[光] 物镜；宾格
","1. Scientists need to be objective when doing research.
科学家做研究时要客观。
"
stick,"v.刺，戳；伸出；粘贴
n.棍；手杖；呆头呆脑的人
","1. This stamp won’t stick properly.
这张邮票贴不牢。
"
factor,"n.因素；要素；[物] 因数；代理人
v.做代理商
","1. The rise in crime is mainly due to social and economic factors.
犯罪率上升主要由社会和经济因素造成。
"
rail,"n.铁轨；扶手；横杆；围栏
v.抱怨；责骂
","1. Several passengers were leaning against the ship’s rail.
几名乘客斜靠在轮船的栏杆上。
"
fall,"v.落下；变成；来临；减弱
n.下降；秋天；瀑布
adj.秋天的
","1. The tree was about to fall.
那棵树快要倒下了。
2. The book fell from his hands.
书从他手上跌落。
3. Enough rain had fallen to flood the grounds.
雨量很大，淹没了地面。
4. She flushed and her eyes fell (= she looked down ) .
她脸一红，垂下了眼帘。
"
refer,"v.参考；涉及；提到；查阅
","1. In his speech, he referred to a recent trip to Canada.
在他的讲话中，他提到了最近的加拿大之行。
"
short,"adj.短的；不足的；矮的，低的
n.短；缺乏；短路；短裤
adv.不足；突然；唐突地
","1. a short meeting
一个短会
2. Morris gave a short laugh.
莫里斯笑了一声。
3. a short course on business English
商业英语短期课程
4. Winter is coming and the days are getting shorter.
冬天来临，白天变短了。
5. I’ve only been in Brisbane a short time .
我才来布里斯班不久。
6. For a short while (= a short time ) , the city functioned as the region’s capital.
这座城市曾经在很短的一段时间里是这个地区的首府。
7. I learned a lot during my short period as a junior reporter.
在当初级记者的这段短暂时间里，我学到了许多。
8. Germany achieved spectacular economic success in a relatively short period of time .
德国在相对较短的时间里取得了非凡的经济成就。
9. They met and married within a short space of time .
他们从相识到结婚时间很短。
10. I promise to keep the meeting short and sweet (= short in a way that is good, especially not talking for a long time ) .
我保证会议开得简短不拖拉。
11. For a few short weeks (= they seemed to pass very quickly ) the sun shone and the fields turned gold.
短短的几个星期里，阳光照耀，田野变成了一片金黄。
"
argument,"n.论证；论据；争吵；内容提要
","1. We need to provide a convincing argument as to why the system should be changed.
我们得提出有说服力的论据，证明为何要改变体制。
"
task,"v.分派任务
n.工作，作业；任务
","1. Jen was tasked with running a charity basketball tournament.
珍被委以举办一场慈善篮球赛的任务。
"
manage,"v.管理；经营；控制；设法
","1. He was asked to manage a new department.
他被要求去管理一个新的部门。
2. Managing a football team is harder than you think.
管理一支足球队比你想象的要难。
3. The company had been very badly managed.
公司管理非常糟糕。
4. a brewery which has been owned and managed by the same family for over 100 years
被同一个家族拥有和经营了一百多年的啤酒厂
"
low,"adj.低的，浅的；卑贱的；粗俗的；消沉的
adv.低声地；谦卑地，低下地
n.低；低价；低点；牛叫声
v.牛叫
","1. Their safety standards seem to be pretty low.
他们的安全标准似乎相当低。
2. Cost-cutting has led to a lower quality of service.
削减成本导致服务质量降低。
3. the children’s low achievement in school
孩子们在学校里不好的成绩
"
presence,"n.存在；出席；参加；风度；仪态
","1. Your presence is requested at the club meeting on Friday.
敬请出席于周五举行的俱乐部会议。
"
match,"v.使比赛；使相配；敌得过，比得上；相配；与…竞争
n.比赛，竞赛；匹配；对手；火柴
","1. We painted the cabinets green to match the rug.
我们把柜子刷成绿色，和地毯相配。
2. Do you think this outfit matches?
你认为这套衣服配吗？
3. a beech dining table with four chairs to match (= chairs that match it )
配有四把椅子的山毛榉餐桌
"
parallel,"n.平行线；对比
v.使…与…平行
adj.平行的；类似的，相同的
","1. ...the area south of the 38th parallel.
…38度纬线以南的地区。
"
military,"adj.军事的；军人的；适于战争的
n.军队；军人
","1. a military helicopter
军用直升机
2. military equipment
军事设备
3. The government has threatened to take military action if the rebels do not withdraw from the area.
政府警告说，如果叛乱分子不从该地区撤出，就要采取军事行动。
4. The United States is prepared to use military force to achieve its aims.
美国准备动用武力达成目的。
5. a raid by European military forces
欧洲军事力量发动的袭击
"
conflict,"n.冲突，矛盾；斗争；争执
v.冲突，抵触；争执；战斗
","1. the threat of industrial conflict in the coalfields
煤田发生劳资纠纷的风险
2. Marx points out the potential conflicts below the surface of society.
马克思指出了隐藏在社会表层之下的潜在矛盾。
3. His views on the literal truth of the Bible brought him into conflict with other Christian leaders.
他坚持《圣经》字面真理的观点使他与其他的基督教领袖发生了冲突。
4. Doctors exercise considerable power and often come into conflict with politicians.
医生行使很大的权力，常常和政客们发生冲突。
5. a lawyer specializing in conflict resolution
专门解决纠纷的律师
"
possibly,"adv.可能地；也许；大概
","1. This last task is possibly the most difficult.
这最后一项任务也许是最难的。
2. It will take three weeks, possibly longer.
要花三个星期，也许更久。
3. ‘Will you be here tomorrow?’ ‘Possibly.’
“你明天到这儿来吗？”“也许吧。”
4. ‘Was it murder?’ ‘ Quite possibly (= it is very likely ) .’
“是谋杀吗？”“很可能是。”
"
addict,"n.有瘾的人；入迷的人
v.使沉溺；使上瘾
","1. She is a TV addict and watches as much as she can.
她是一个电视迷，看尽可能多的电视。
"
joy,"n.欢乐，快乐；乐趣；高兴
v.欣喜，欢喜
","1. The garden was his pride and joy.
这座花园是他的骄傲和乐趣所在。
"
puzzle,"v.使…困惑；使…为难；苦思而得出
n.谜；难题；迷惑
","1. a question that continues to puzzle scientists
一直困扰科学家的问题
2. He was puzzled by the reactions to his remark.
他对自己的话引起的反应感到困惑不解。
3. What puzzles me is why his books are so popular.
令我不解的是，他的书为什么如此受欢迎。
"
draw,"v.画；拉；吸引
n.平局；抽签
","1. Katie had drawn a cottage with a little stream running next to it.
凯蒂画了一间小茅舍，旁边流淌着一条小溪。
2. She asked the little girl to draw a picture of the man she’d spoken to.
她让小女孩把刚才和她说话的那个男人画出来。
3. Keith was drawing a complicated-looking graph.
基思在画一张看上去很复杂的图表。
4. I’ve never been able to draw very well.
我从来就画不好图画。
"
drive,"v.开车；猛击；飞跑
n.驱动器；驾车；[心理] 内驱力，推进力；快车道
","1. the man driving the car
开车的男子
2. Can you drive?
你会开车吗？
3. So when did you learn to drive ?
那么你是什么时候学会开车的？
4. Bye! Drive carefully!
再见！开车小心！
5. He drives 12 miles to work.
他驾车12英里去上班。
6. He drives (= has ) a BMW estate.
他开一辆宝马旅行车。
"
contrast,"v.对比；形成对照
n.对比；差别；对照物
","1. an essay comparing and contrasting (= showing how two things are similar and different ) Verdi and Wagner and their operas
把威尔第和瓦格纳以及他们的歌剧进行比较和对照的一篇文章
"
background,"n.背景；隐蔽的位置
v.作…的背景
adj.背景的；发布背景材料的
","1. Students with a background in chemistry will probably find the course easier.
学过化学的学生可能会觉得这门课程容易些。
2. It’s important to understand other people, people from different backgrounds .
要理解别人，理解那些来自不同背景的人，这是很重要的。
3. Do you know anything about his background?
关于他的背景，你知道什么吗？
"
wall,"n.墙壁，围墙；似墙之物
v.用墙围住，围以墙
adj.墙壁的
","1. the Great Wall of China
中国的长城
2. We climbed over the wall into the orchard.
我们翻墙进了果园。
"
artist,"n.艺术家；美术家（尤指画家）；大师
","1. an exhibition of paintings by local artists
当地画家的画展
"
communication,"n.通讯，[通信] 通信；交流；信函
","1. Good communication is vital in a large organization.
在大机构里良好的沟通是极为重要的。
2. Radio was the pilot’s only means of communication .
无线电是飞行员唯一的通信手段。
"
combine,"v.使化合；使联合，使结合
n.联合收割机；联合企业
","1. Diets are most effective when combined with exercise.
节食和锻炼相结合是最有效的。
2. Ruth hesitated, uncertain of how to combine honesty and diplomacy in her answer.
露丝犹豫了，她不知道怎样回答才能既诚实又婉转。
"
alphabet,"n.字母表，字母系统；入门，初步
","1. The modern Russian alphabet has 31 letters.
现代俄语字母表有31个字母。
"
fight,"v.打架；与…打仗，与…斗争；反对…提案
n.打架；战斗，斗志
","1. Neither country is capable of fighting a long war .
两个国家都没有能力打持久战。
2. Later the Indians fought the Anglo settlers.
后来，印第安人跟英国殖民者打起了仗。
"
crisis,"n.危机；危险期；决定性时刻
adj.危机的；用于处理危机的
","1. The country now faces an economic crisis .
该国目前正面临一场经济危机。
2. The Prime Minister was criticized for the way in which he handled the crisis .
首相处理危机的方式遭到了批评。
3. the current debt crisis
当前的债务危机
4. a major political crisis
重大的政治危机
5. I was relieved that we had averted yet another financial crisis .
我如释重负，我们又避免了一场财政危机。
6. Oil companies were heavily criticized when they made large profits during the oil crisis of the 1970s.
石油公司因在20世纪70年代的石油危机中赚取了丰厚利润而受到严厉抨击。
7. The car industry is now in crisis .
汽车工业现在正处于危机之中。
8. He doesn’t seem to be very good at crisis management .
他好像不大擅长处理危机。
"
approve,"v.批准；赞成；为…提供证据
","1. The conference approved a proposal for a referendum.
会议通过了举行全民公决的提议。
"
agreement,"n.协议；同意，一致
","1. It is easier for two parties to reach agreement than for three.
两方达成一致比三方达成一致容易。
"
surprise,"n.惊奇，诧异；突然袭击
v.使惊奇；奇袭
adj.令人惊讶的
","1. The man had a look of surprise on his face.
那人脸上一副惊讶的表情。
"
imagine,"v.想像；猜想；臆断
","1. Perhaps she’d never really been there at all – perhaps she’d just imagined it.
可能她从未到过那儿——也许这都是她的幻想。
"
reliable,"adj.可靠的；可信赖的
n.可靠的人
","1. a birth control method that is cheap and reliable
既便宜又可靠的避孕方法
2. Miller was a quiet and reliable man.
米勒是个话不多且可靠的人。
"
collect,"v.收集；募捐
adv.由收件人付款地
adj.由收件人付款的
n.(Collect)人名；(英)科莱克特
","1. After 25 years of collecting recipes, she has compiled them into a cookbook.
她搜集了25年食谱，把它们编成一本烹饪书。
2. The company collects information about consumer trends.
这家公司搜集有关消费者趋向的信息。
3. We’ve been out collecting signatures for our petition.
我们出去为我们的请愿征集签名。
"
forget,"v.忘记；忽略
n.(Forget)人名；(法)福尔热
","1. I’m sorry, I’ve forgotten your name.
对不起，我忘记你的名字了。
2. I know you told me, but I forgot.
我知道你告诉过我，但是我忘了。
3. What happened that day will never be forgotten.
那一天的事永远难忘。
4. He’s someone who never forgets a face (= forgets who someone is ) .
他是那种见人一面就不会忘记的人。
"
supreme,"adj.最高的；至高的；最重要的
n.至高；霸权
","1. the Supreme Allied Commander in Europe
欧洲盟军最高指挥官
2. a country where the car reigns supreme
汽车占绝对优势地位的国家
"
strain,"n.张力；拉紧；负担；扭伤；血缘
v.拉紧；尽力
","1. I couldn’t look after him any more; the strain was too much for me.
我不能再照看他了，压力太大。
2. Did you find the job a strain ?
你觉得这份工作紧张吗？
3. the stresses and strains of police life
警察生活的紧张和压力
"
ready,"adj.准备好；现成的；迅速的；情愿的；快要…的
n.现款；预备好的状态
adv.迅速地；预先
v.使准备好
","1. Come on. Aren’t you ready yet?
快点，你还没准备好吗？
2. When the doorbell rang he was ready and waiting .
门铃响的时候，他已经准备好在等着了。
3. Why does it take you so long to get ready to go out?
你外出怎么要准备那么长时间？
"
conservative,"adj.保守的
n.保守派，守旧者
","1. a very conservative attitude to education
对待教育非常守旧的态度
2. conservative views
保守的观点
"
consume,"v.消耗，消费；使…著迷；挥霍
","1. Only 27% of the paper we consume is recycled.
我们消耗的纸张只有 27% 得到回收利用。
2. A smaller vehicle will consume less fuel.
汽车小耗费燃料也少。
"
deny,"v.否定，否认；拒绝给予；拒绝…的要求
","1. The government denied the existence of poverty among 16- and 17-year-olds.
政府否认十六七岁的青少年当中存在贫困问题。
"
trace,"v.追溯；沿路走
n.痕迹，踪迹；微量；[仪] 迹线；缰绳
","1. Sondheim’s book traces the changing nature of the relationship between men and women.
桑德海姆的这本书研究了男女关系性质的变化。
"
engage,"v.吸引，占用；使参加；雇佣；使订婚；预定
","1. She engaged the clutch and the car moved.
她踩下离合器，汽车便开动了。
"
disappear,"v.消失；失踪；不复存在
","1. At this point the path seemed to disappear altogether (= disappear completely ) .
小路到这里好像完全消失了。
"
damage,"n.损害；损毁；赔偿金
v.损害；损毁
","1. These chemicals have been found to cause serious environmental damage.
经发现，这些化学物质会造成严重的环境破坏。
2. There may be permanent brain damage.
可能有永久性脑损伤。
3. His eyesight suffered irreparable damage.
他的视力受到了无法修复的损伤。
"
misery,"n.痛苦，悲惨；不幸；苦恼；穷困
","1. What we are witnessing here is human misery on a vast scale.
我们在这里所目睹的情景是许许多多的人都生活困苦。
2. the misery of unemployment
失业的痛苦
3. the miseries of war
战争造成的苦难
"
saving,"n.节约；挽救；存款
adj.节约的；挽救的；补偿的；保留的
prep.考虑到；除之外
","1. Buying a house had taken all their savings.
买房子花掉了他们所有的积蓄。
"
upset,"v.使心烦；颠覆；扰乱
adj.心烦的；混乱的；弄翻的
n.混乱；翻倒；颠覆
","1. Don’t do anything that would upset him.
别做惹他生气的事情。
2. Markets are very sensitive to any upsets in the Japanese economic machine.
市场对日本经济机器里的任何混乱都是非常敏感的。
"
chief,"n.首领；酋长；主要部分
adj.首席的；主要的；主任的
adv.主要地；首要地
","1. Most health chiefs believe the reforms have gone too far.
大多数卫生部领导人都觉得改革搞得过火了。
2. industry chiefs
工业界领袖
"
captive,"adj.被俘虏的；被迷住的
n.俘虏；迷恋者
","1. Her heart had begun to pound inside her chest like a captive animal.
她心如鹿撞，怦怦跳个不停。
"
opinion,"n.意见；主张
","1. When choosing an insurance policy it’s best to get an independent opinion.
选择保险时，最好听听专家的独立意见。
"
understanding,"n.谅解，理解；理解力；协议
adj.了解的；聪明的；有理解力的
v.理解；明白（understand的ing形式）
","1. We had an understanding that Jean-Claude should never be mentioned.
我们有一个共识，永远不提让－克洛德。
2. Her boss, who was very understanding, gave her time off.
她的老板很体谅她，给她放了假。
"
purchase,"n.购买；紧握；起重装置
v.购买；赢得
","1. She paid for her purchases and left.
她付钱买好东西离开了。
2. I enclose my receipt as proof of purchase .
我附上小票作为购物凭证。
3. She made two purchases from my stall.
她从我的货摊上买了两样东西。
"
capable,"adj.能干的，能胜任的；有才华的
","1. a strong capable woman
一个坚强能干的女人
"
gap,"n.间隙；缺口；差距；分歧
v.裂开
","1. a gap in the traffic
车流中的一个空档
"
remains,"n.残余；遗骸
","1. extensive Roman remains (= of ancient buildings ) at Arles
阿尔勒的一大片古罗马遗迹
"
staff,"n.职员；参谋；棒；支撑
adj.职员的；行政工作的
v.供给人员；给…配备职员
","1. The entire staff has done an outstanding job this year.
今年全体员工工作都非常出色。
2. They employ a total of 150 staff.
他们一共雇用 150 名员工。
3. The staff were very helpful.
员工非常配合。
4. one of our longest-serving staff members
我们中服务年资最长的员工之一
5. a staff meeting
员工会议
"
atmosphere,"n.气氛；大气；空气
","1. The hotel had a lovely relaxed atmosphere .
那家宾馆的气氛轻松愉快。
2. The atmosphere at home was rather tense.
家里的气氛很紧张。
"
judge,"v.判断；审判
n.法官；裁判员
","1. You should never judge a person by their looks.
决不要以貌取人。
2. Judge us on the improvements we make in the economy.
请根据我们在经济方面取得的进步来评价我们。
3. The therapist judged that Margaret had made a serious attempt to kill herself.
治疗专家断定玛格丽特曾真的企图自杀。
4. pollutants that were judged hazardous to human health
被认为对人体健康有害的污染物
5. I am in no position to judge whether what she is doing is right or wrong.
我无权评判她在做的事是对是错。
6. The economic results of the reforms are very difficult to judge.
这些改革所带来的经济成效很难评价。
7. The likelihood of future bombs was impossible to judge.
未来发生爆炸案的可能性无法预测。
8. We judge the success of a product by the number of sales it brings in.
我们以销量来评价一种产品成功与否。
9. His conduct, judged objectively by what he has done, is dishonest.
他的行为，从他所做的这一切客观地来评价，是不诚实的。
10. Robert wanted to go and help him, but judged it best to stay where he was.
罗伯特想过去帮他，但考虑之后还是觉得待在原地为妙。
11. Do not judge her too harshly, as she was very young at the time.
对她的评价不要太苛刻，毕竟那时候她还很年轻。
"
characterize,"v.描绘…的特性；具有…的特征
","1. Bright colours characterize his paintings.
明亮的色彩是他绘画作品的特点。
"
grape,"n.葡萄；葡萄酒；葡萄树；葡萄色
","1. a bunch of grapes
一串葡萄
2. grape juice
葡萄汁
3. red seedless grapes
红色无籽葡萄
"
confuse,"v.使混乱；使困惑
","1. I understand the text but the diagrams are confusing me.
文字我理解，但是图表把我弄糊涂了。
"
meaning,"n.意义；含义；意图
adj.意味深长的
v.意味；意思是（mean的ing形式）
","1. Life seemed to have lost its meaning since Janet’s death.
珍妮特去世以后生活似乎失去了意义。
"
building,"n.建筑；建筑物
v.建筑；建立；增加（build的ing形式）
","1. The offices are on the top two floors of the building.
办公室在大楼最高的两层。
2. a farmhouse and other farm buildings
农舍以及其他的农场建筑
"
